date,usdkrw(target),us_ex,us_im,reserve,us_reserve,us_export,us_import,base,market,consumer,exp_rate,im_rate,us_gdp,us_stock
2023-01-01,1267.3,8058604.0,6995423.0,4794759.0,246490.63,164603.0,263533.0,3.25,3.38,110.07,115.29,129.61,27720709.0,147.0
2023-01-02,1267.3,8058604.0,6995423.0,4794759.0,246490.63,164603.0,263533.0,3.25,3.291,110.07,115.29,129.61,27720709.0,147.0
2023-01-03,1268.9,8058604.0,6995423.0,4794759.0,246490.63,164603.0,263533.0,3.25,3.119,110.07,115.29,129.61,27720709.0,147.0
2023-01-04,1272.1,8058604.0,6995423.0,4794759.0,246490.63,164603.0,263533.0,3.25,3.032,110.07,115.29,129.61,27720709.0,147.0
2023-01-05,1274.7,8058604.0,6995423.0,4794759.0,246490.63,164603.0,263533.0,3.25,3.075,110.07,115.29,129.61,27720709.0,147.0
2023-01-06,1270.3,8058604.0,6995423.0,4794759.0,246490.63,164603.0,263533.0,3.25,3.118,110.07,115.29,129.61,27720709.0,147.0
2023-01-07,1270.3,8058604.0,6995423.0,4794759.0,246490.63,164603.0,263533.0,3.25,3.118,110.07,115.29,129.61,27720709.0,147.0
2023-01-08,1270.3,8058604.0,6995423.0,4794759.0,246490.63,164603.0,263533.0,3.25,3.118,110.07,115.29,129.61,27720709.0,147.0
2023-01-09,1267.2,8058604.0,6995423.0,4794759.0,246490.63,164603.0,263533.0,3.25,3.132,110.07,115.29,129.61,27720709.0,147.0
2023-01-10,1246.8,8058604.0,6995423.0,4794759.0,246490.63,164603.0,263533.0,3.25,3.166,110.07,115.29,129.61,27720709.0,147.0
2023-01-11,1240.8,8058604.0,6995423.0,4794759.0,246490.63,164603.0,263533.0,3.25,3.232,110.07,115.29,129.61,27720709.0,147.0
2023-01-12,1245.3,8058604.0,6995423.0,4794759.0,246490.63,164603.0,263533.0,3.25,3.299,110.07,115.29,129.61,27720709.0,147.0
2023-01-13,1244.6,8058604.0,6995423.0,4794759.0,246490.63,164603.0,263533.0,3.5,3.427,110.07,115.29,129.61,27720709.0,147.0
2023-01-14,1244.6,8058604.0,6995423.0,4794759.0,246490.63,164603.0,263533.0,3.5,3.427,110.07,115.29,129.61,27720709.0,147.0
2023-01-15,1244.6,8058604.0,6995423.0,4794759.0,246490.63,164603.0,263533.0,3.5,3.427,110.07,115.29,129.61,27720709.0,147.0
2023-01-16,1240.6,8058604.0,6995423.0,4794759.0,246490.63,164603.0,263533.0,3.5,3.394,110.07,115.29,129.61,27720709.0,147.0
2023-01-17,1234.0,8058604.0,6995423.0,4794759.0,246490.63,164603.0,263533.0,3.5,3.369,110.07,115.29,129.61,27720709.0,147.0
2023-01-18,1238.5,8058604.0,6995423.0,4794759.0,246490.63,164603.0,263533.0,3.5,3.365,110.07,115.29,129.61,27720709.0,147.0
2023-01-19,1239.8,8058604.0,6995423.0,4794759.0,246490.63,164603.0,263533.0,3.5,3.387,110.07,115.29,129.61,27720709.0,147.0
2023-01-20,1236.0,8058604.0,6995423.0,4794759.0,246490.63,164603.0,263533.0,3.5,3.48,110.07,115.29,129.61,27720709.0,147.0
2023-01-21,1236.0,8058604.0,6995423.0,4794759.0,246490.63,164603.0,263533.0,3.5,3.48,110.07,115.29,129.61,27720709.0,147.0
2023-01-22,1236.0,8058604.0,6995423.0,4794759.0,246490.63,164603.0,263533.0,3.5,3.48,110.07,115.29,129.61,27720709.0,147.0
2023-01-23,1236.0,8058604.0,6995423.0,4794759.0,246490.63,164603.0,263533.0,3.5,3.48,110.07,115.29,129.61,27720709.0,147.0
2023-01-24,1236.0,8058604.0,6995423.0,4794759.0,246490.63,164603.0,263533.0,3.5,3.48,110.07,115.29,129.61,27720709.0,147.0
2023-01-25,1234.4,8058604.0,6995423.0,4794759.0,246490.63,164603.0,263533.0,3.5,3.435,110.07,115.29,129.61,27720709.0,147.0
2023-01-26,1233.4,8058604.0,6995423.0,4794759.0,246490.63,164603.0,263533.0,3.5,3.463,110.07,115.29,129.61,27720709.0,147.0
2023-01-27,1231.4,8058604.0,6995423.0,4794759.0,246490.63,164603.0,263533.0,3.5,3.357,110.07,115.29,129.61,27720709.0,147.0
2023-01-28,1231.4,8058604.0,6995423.0,4794759.0,246490.63,164603.0,263533.0,3.5,3.357,110.07,115.29,129.61,27720709.0,147.0
2023-01-29,1231.4,8058604.0,6995423.0,4794759.0,246490.63,164603.0,263533.0,3.5,3.357,110.07,115.29,129.61,27720709.0,147.0
2023-01-30,1230.2,8058604.0,6995423.0,4794759.0,246490.63,164603.0,263533.0,3.5,3.371,110.07,115.29,129.61,27720709.0,147.0
2023-01-31,1228.7,8058604.0,6995423.0,4794759.0,246490.63,164603.0,263533.0,3.5,3.343,110.07,115.29,129.61,27720709.0,147.0
2023-02-01,1230.8,8991831.0,6011957.0,4794759.0,241870.94,158770.0,237468.0,3.5,3.37,110.33,121.58,137.95,27720709.0,148.2
2023-02-02,1231.4,8991831.0,6011957.0,4794759.0,241870.94,158770.0,237468.0,3.5,3.27,110.33,121.58,137.95,27720709.0,148.2
2023-02-03,1219.3,8991831.0,6011957.0,4794759.0,241870.94,158770.0,237468.0,3.5,3.488,110.33,121.58,137.95,27720709.0,148.2
2023-02-04,1219.3,8991831.0,6011957.0,4794759.0,241870.94,158770.0,237468.0,3.5,3.488,110.33,121.58,137.95,27720709.0,148.2
2023-02-05,1219.3,8991831.0,6011957.0,4794759.0,241870.94,158770.0,237468.0,3.5,3.488,110.33,121.58,137.95,27720709.0,148.2
2023-02-06,1227.2,8991831.0,6011957.0,4794759.0,241870.94,158770.0,237468.0,3.5,3.487,110.33,121.58,137.95,27720709.0,148.2
2023-02-07,1247.5,8991831.0,6011957.0,4794759.0,241870.94,158770.0,237468.0,3.5,3.506,110.33,121.58,137.95,27720709.0,148.2
2023-02-08,1256.0,8991831.0,6011957.0,4794759.0,241870.94,158770.0,237468.0,3.5,3.483,110.33,121.58,137.95,27720709.0,148.2
2023-02-09,1257.1,8991831.0,6011957.0,4794759.0,241870.94,158770.0,237468.0,3.5,3.434,110.33,121.58,137.95,27720709.0,148.2
2023-02-10,1263.1,8991831.0,6011957.0,4794759.0,241870.94,158770.0,237468.0,3.5,3.399,110.33,121.58,137.95,27720709.0,148.2
2023-02-11,1263.1,8991831.0,6011957.0,4794759.0,241870.94,158770.0,237468.0,3.5,3.399,110.33,121.58,137.95,27720709.0,148.2
2023-02-12,1263.1,8991831.0,6011957.0,4794759.0,241870.94,158770.0,237468.0,3.5,3.399,110.33,121.58,137.95,27720709.0,148.2
2023-02-13,1264.3,8991831.0,6011957.0,4794759.0,241870.94,158770.0,237468.0,3.5,3.402,110.33,121.58,137.95,27720709.0,148.2
2023-02-14,1274.6,8991831.0,6011957.0,4794759.0,241870.94,158770.0,237468.0,3.5,3.403,110.33,121.58,137.95,27720709.0,148.2
2023-02-15,1269.9,8991831.0,6011957.0,4794759.0,241870.94,158770.0,237468.0,3.5,3.428,110.33,121.58,137.95,27720709.0,148.2
2023-02-16,1279.3,8991831.0,6011957.0,4794759.0,241870.94,158770.0,237468.0,3.5,3.397,110.33,121.58,137.95,27720709.0,148.2
2023-02-17,1283.7,8991831.0,6011957.0,4794759.0,241870.94,158770.0,237468.0,3.5,3.436,110.33,121.58,137.95,27720709.0,148.2
2023-02-18,1283.7,8991831.0,6011957.0,4794759.0,241870.94,158770.0,237468.0,3.5,3.436,110.33,121.58,137.95,27720709.0,148.2
2023-02-19,1283.7,8991831.0,6011957.0,4794759.0,241870.94,158770.0,237468.0,3.5,3.436,110.33,121.58,137.95,27720709.0,148.2
2023-02-20,1297.7,8991831.0,6011957.0,4794759.0,241870.94,158770.0,237468.0,3.5,3.415,110.33,121.58,137.95,27720709.0,148.2
2023-02-21,1295.8,8991831.0,6011957.0,4794759.0,241870.94,158770.0,237468.0,3.5,3.395,110.33,121.58,137.95,27720709.0,148.2
2023-02-22,1295.8,8991831.0,6011957.0,4794759.0,241870.94,158770.0,237468.0,3.5,3.423,110.33,121.58,137.95,27720709.0,148.2
2023-02-23,1303.8,8991831.0,6011957.0,4794759.0,241870.94,158770.0,237468.0,3.5,3.456,110.33,121.58,137.95,27720709.0,148.2
2023-02-24,1299.6,8991831.0,6011957.0,4794759.0,241870.94,158770.0,237468.0,3.5,3.432,110.33,121.58,137.95,27720709.0,148.2
2023-02-25,1299.6,8991831.0,6011957.0,4794759.0,241870.94,158770.0,237468.0,3.5,3.432,110.33,121.58,137.95,27720709.0,148.2
2023-02-26,1299.6,8991831.0,6011957.0,4794759.0,241870.94,158770.0,237468.0,3.5,3.432,110.33,121.58,137.95,27720709.0,148.2
2023-02-27,1300.5,8991831.0,6011957.0,4794759.0,241870.94,158770.0,237468.0,3.5,3.428,110.33,121.58,137.95,27720709.0,148.2
2023-02-28,1317.4,8991831.0,6011957.0,4794759.0,241870.94,158770.0,237468.0,3.5,3.46,110.33,121.58,137.95,27720709.0,148.2
2023-03-01,1317.4,9775068.0,6675931.0,4794759.0,246042.03,183433.0,269118.0,3.5,3.46,110.52,124.12,139.0,27720709.0,141.1
2023-03-02,1319.2,9775068.0,6675931.0,4794759.0,246042.03,183433.0,269118.0,3.5,3.407,110.52,124.12,139.0,27720709.0,141.1
2023-03-03,1310.4,9775068.0,6675931.0,4794759.0,246042.03,183433.0,269118.0,3.5,3.366,110.52,124.12,139.0,27720709.0,141.1
2023-03-04,1310.4,9775068.0,6675931.0,4794759.0,246042.03,183433.0,269118.0,3.5,3.366,110.52,124.12,139.0,27720709.0,141.1
2023-03-05,1310.4,9775068.0,6675931.0,4794759.0,246042.03,183433.0,269118.0,3.5,3.366,110.52,124.12,139.0,27720709.0,141.1
2023-03-06,1304.8,9775068.0,6675931.0,4794759.0,246042.03,183433.0,269118.0,3.5,3.337,110.52,124.12,139.0,27720709.0,141.1
2023-03-07,1296.7,9775068.0,6675931.0,4794759.0,246042.03,183433.0,269118.0,3.5,3.428,110.52,124.12,139.0,27720709.0,141.1
2023-03-08,1299.1,9775068.0,6675931.0,4794759.0,246042.03,183433.0,269118.0,3.5,3.458,110.52,124.12,139.0,27720709.0,141.1
2023-03-09,1319.5,9775068.0,6675931.0,4794759.0,246042.03,183433.0,269118.0,3.5,3.44,110.52,124.12,139.0,27720709.0,141.1
2023-03-10,1319.7,9775068.0,6675931.0,4794759.0,246042.03,183433.0,269118.0,3.5,3.429,110.52,124.12,139.0,27720709.0,141.1
2023-03-11,1319.7,9775068.0,6675931.0,4794759.0,246042.03,183433.0,269118.0,3.5,3.429,110.52,124.12,139.0,27720709.0,141.1
2023-03-12,1319.7,9775068.0,6675931.0,4794759.0,246042.03,183433.0,269118.0,3.5,3.429,110.52,124.12,139.0,27720709.0,141.1
2023-03-13,1325.7,9775068.0,6675931.0,4794759.0,246042.03,183433.0,269118.0,3.5,3.435,110.52,124.12,139.0,27720709.0,141.1
2023-03-14,1307.3,9775068.0,6675931.0,4794759.0,246042.03,183433.0,269118.0,3.5,3.416,110.52,124.12,139.0,27720709.0,141.1
2023-03-15,1304.9,9775068.0,6675931.0,4794759.0,246042.03,183433.0,269118.0,3.5,3.37,110.52,124.12,139.0,27720709.0,141.1
2023-03-16,1302.0,9775068.0,6675931.0,4794759.0,246042.03,183433.0,269118.0,3.5,3.439,110.52,124.12,139.0,27720709.0,141.1
2023-03-17,1312.1,9775068.0,6675931.0,4794759.0,246042.03,183433.0,269118.0,3.5,3.426,110.52,124.12,139.0,27720709.0,141.1
2023-03-18,1312.1,9775068.0,6675931.0,4794759.0,246042.03,183433.0,269118.0,3.5,3.426,110.52,124.12,139.0,27720709.0,141.1
2023-03-19,1312.1,9775068.0,6675931.0,4794759.0,246042.03,183433.0,269118.0,3.5,3.426,110.52,124.12,139.0,27720709.0,141.1
2023-03-20,1303.6,9775068.0,6675931.0,4794759.0,246042.03,183433.0,269118.0,3.5,3.479,110.52,124.12,139.0,27720709.0,141.1
2023-03-21,1308.4,9775068.0,6675931.0,4794759.0,246042.03,183433.0,269118.0,3.5,3.464,110.52,124.12,139.0,27720709.0,141.1
2023-03-22,1307.8,9775068.0,6675931.0,4794759.0,246042.03,183433.0,269118.0,3.5,3.433,110.52,124.12,139.0,27720709.0,141.1
2023-03-23,1307.1,9775068.0,6675931.0,4794759.0,246042.03,183433.0,269118.0,3.5,3.45,110.52,124.12,139.0,27720709.0,141.1
2023-03-24,1287.2,9775068.0,6675931.0,4794759.0,246042.03,183433.0,269118.0,3.5,3.419,110.52,124.12,139.0,27720709.0,141.1
2023-03-25,1287.2,9775068.0,6675931.0,4794759.0,246042.03,183433.0,269118.0,3.5,3.419,110.52,124.12,139.0,27720709.0,141.1
2023-03-26,1287.2,9775068.0,6675931.0,4794759.0,246042.03,183433.0,269118.0,3.5,3.419,110.52,124.12,139.0,27720709.0,141.1
2023-03-27,1289.7,9775068.0,6675931.0,4794759.0,246042.03,183433.0,269118.0,3.5,3.398,110.52,124.12,139.0,27720709.0,141.1
2023-03-28,1300.3,9775068.0,6675931.0,4794759.0,246042.03,183433.0,269118.0,3.5,3.44,110.52,124.12,139.0,27720709.0,141.1
2023-03-29,1297.4,9775068.0,6675931.0,4794759.0,246042.03,183433.0,269118.0,3.5,3.427,110.52,124.12,139.0,27720709.0,141.1
2023-03-30,1299.3,9775068.0,6675931.0,4794759.0,246042.03,183433.0,269118.0,3.5,3.493,110.52,124.12,139.0,27720709.0,141.1
2023-03-31,1303.8,9775068.0,6675931.0,4794759.0,246042.03,183433.0,269118.0,3.5,3.569,110.52,124.12,139.0,27720709.0,141.1
2023-04-01,1303.8,9181047.0,5510740.0,4794759.0,246494.15,162579.0,257460.0,3.5,3.569,110.77,124.41,139.58,27720709.0,145.2
2023-04-02,1303.8,9181047.0,5510740.0,4794759.0,246494.15,162579.0,257460.0,3.5,3.569,110.77,124.41,139.58,27720709.0,145.2
2023-04-03,1295.4,9181047.0,5510740.0,4794759.0,246494.15,162579.0,257460.0,3.5,3.449,110.77,124.41,139.58,27720709.0,145.2
2023-04-04,1316.3,9181047.0,5510740.0,4794759.0,246494.15,162579.0,257460.0,3.5,3.441,110.77,124.41,139.58,27720709.0,145.2
2023-04-05,1310.3,9181047.0,5510740.0,4794759.0,246494.15,162579.0,257460.0,3.5,3.463,110.77,124.41,139.58,27720709.0,145.2
2023-04-06,1311.9,9181047.0,5510740.0,4794759.0,246494.15,162579.0,257460.0,3.5,3.4,110.77,124.41,139.58,27720709.0,145.2
2023-04-07,1318.7,9181047.0,5510740.0,4794759.0,246494.15,162579.0,257460.0,3.5,3.403,110.77,124.41,139.58,27720709.0,145.2
2023-04-08,1318.7,9181047.0,5510740.0,4794759.0,246494.15,162579.0,257460.0,3.5,3.403,110.77,124.41,139.58,27720709.0,145.2
2023-04-09,1318.7,9181047.0,5510740.0,4794759.0,246494.15,162579.0,257460.0,3.5,3.403,110.77,124.41,139.58,27720709.0,145.2
2023-04-10,1318.9,9181047.0,5510740.0,4794759.0,246494.15,162579.0,257460.0,3.5,3.419,110.77,124.41,139.58,27720709.0,145.2
2023-04-11,1320.0,9181047.0,5510740.0,4794759.0,246494.15,162579.0,257460.0,3.5,3.452,110.77,124.41,139.58,27720709.0,145.2
2023-04-12,1319.5,9181047.0,5510740.0,4794759.0,246494.15,162579.0,257460.0,3.5,3.43,110.77,124.41,139.58,27720709.0,145.2
2023-04-13,1324.2,9181047.0,5510740.0,4794759.0,246494.15,162579.0,257460.0,3.5,3.438,110.77,124.41,139.58,27720709.0,145.2
2023-04-14,1318.0,9181047.0,5510740.0,4794759.0,246494.15,162579.0,257460.0,3.5,3.491,110.77,124.41,139.58,27720709.0,145.2
2023-04-15,1318.0,9181047.0,5510740.0,4794759.0,246494.15,162579.0,257460.0,3.5,3.491,110.77,124.41,139.58,27720709.0,145.2
2023-04-16,1318.0,9181047.0,5510740.0,4794759.0,246494.15,162579.0,257460.0,3.5,3.491,110.77,124.41,139.58,27720709.0,145.2
2023-04-17,1299.3,9181047.0,5510740.0,4794759.0,246494.15,162579.0,257460.0,3.5,3.478,110.77,124.41,139.58,27720709.0,145.2
2023-04-18,1311.3,9181047.0,5510740.0,4794759.0,246494.15,162579.0,257460.0,3.5,3.469,110.77,124.41,139.58,27720709.0,145.2
2023-04-19,1318.8,9181047.0,5510740.0,4794759.0,246494.15,162579.0,257460.0,3.5,3.428,110.77,124.41,139.58,27720709.0,145.2
2023-04-20,1318.8,9181047.0,5510740.0,4794759.0,246494.15,162579.0,257460.0,3.5,3.487,110.77,124.41,139.58,27720709.0,145.2
2023-04-21,1327.6,9181047.0,5510740.0,4794759.0,246494.15,162579.0,257460.0,3.5,3.512,110.77,124.41,139.58,27720709.0,145.2
2023-04-22,1327.6,9181047.0,5510740.0,4794759.0,246494.15,162579.0,257460.0,3.5,3.512,110.77,124.41,139.58,27720709.0,145.2
2023-04-23,1327.6,9181047.0,5510740.0,4794759.0,246494.15,162579.0,257460.0,3.5,3.512,110.77,124.41,139.58,27720709.0,145.2
2023-04-24,1327.9,9181047.0,5510740.0,4794759.0,246494.15,162579.0,257460.0,3.5,3.503,110.77,124.41,139.58,27720709.0,145.2
2023-04-25,1332.7,9181047.0,5510740.0,4794759.0,246494.15,162579.0,257460.0,3.5,3.512,110.77,124.41,139.58,27720709.0,145.2
2023-04-26,1333.3,9181047.0,5510740.0,4794759.0,246494.15,162579.0,257460.0,3.5,3.499,110.77,124.41,139.58,27720709.0,145.2
2023-04-27,1337.3,9181047.0,5510740.0,4794759.0,246494.15,162579.0,257460.0,3.5,3.487,110.77,124.41,139.58,27720709.0,145.2
2023-04-28,1339.9,9181047.0,5510740.0,4794759.0,246494.15,162579.0,257460.0,3.5,3.549,110.77,124.41,139.58,27720709.0,145.2
2023-04-29,1339.9,9181047.0,5510740.0,4794759.0,246494.15,162579.0,257460.0,3.5,3.549,110.77,124.41,139.58,27720709.0,145.2
2023-04-30,1339.9,9181047.0,5510740.0,4794759.0,246494.15,162579.0,257460.0,3.5,3.549,110.77,124.41,139.58,27720709.0,145.2
2023-05-01,1339.9,9459648.0,6017116.0,4794759.0,242460.11,166969.0,271231.0,3.5,3.549,111.13,110.38,122.5,27720709.0,142.5
2023-05-02,1339.1,9459648.0,6017116.0,4794759.0,242460.11,166969.0,271231.0,3.5,3.512,111.13,110.38,122.5,27720709.0,142.5
2023-05-03,1340.2,9459648.0,6017116.0,4794759.0,242460.11,166969.0,271231.0,3.5,3.541,111.13,110.38,122.5,27720709.0,142.5
2023-05-04,1339.1,9459648.0,6017116.0,4794759.0,242460.11,166969.0,271231.0,3.5,3.529,111.13,110.38,122.5,27720709.0,142.5
2023-05-05,1339.1,9459648.0,6017116.0,4794759.0,242460.11,166969.0,271231.0,3.5,3.529,111.13,110.38,122.5,27720709.0,142.5
2023-05-06,1339.1,9459648.0,6017116.0,4794759.0,242460.11,166969.0,271231.0,3.5,3.529,111.13,110.38,122.5,27720709.0,142.5
2023-05-07,1339.1,9459648.0,6017116.0,4794759.0,242460.11,166969.0,271231.0,3.5,3.529,111.13,110.38,122.5,27720709.0,142.5
2023-05-08,1325.6,9459648.0,6017116.0,4794759.0,242460.11,166969.0,271231.0,3.5,3.591,111.13,110.38,122.5,27720709.0,142.5
2023-05-09,1322.7,9459648.0,6017116.0,4794759.0,242460.11,166969.0,271231.0,3.5,3.656,111.13,110.38,122.5,27720709.0,142.5
2023-05-10,1323.0,9459648.0,6017116.0,4794759.0,242460.11,166969.0,271231.0,3.5,3.567,111.13,110.38,122.5,27720709.0,142.5
2023-05-11,1324.2,9459648.0,6017116.0,4794759.0,242460.11,166969.0,271231.0,3.5,3.559,111.13,110.38,122.5,27720709.0,142.5
2023-05-12,1320.3,9459648.0,6017116.0,4794759.0,242460.11,166969.0,271231.0,3.5,3.548,111.13,110.38,122.5,27720709.0,142.5
2023-05-13,1320.3,9459648.0,6017116.0,4794759.0,242460.11,166969.0,271231.0,3.5,3.548,111.13,110.38,122.5,27720709.0,142.5
2023-05-14,1320.3,9459648.0,6017116.0,4794759.0,242460.11,166969.0,271231.0,3.5,3.548,111.13,110.38,122.5,27720709.0,142.5
2023-05-15,1333.6,9459648.0,6017116.0,4794759.0,242460.11,166969.0,271231.0,3.5,3.58,111.13,110.38,122.5,27720709.0,142.5
2023-05-16,1337.8,9459648.0,6017116.0,4794759.0,242460.11,166969.0,271231.0,3.5,3.598,111.13,110.38,122.5,27720709.0,142.5
2023-05-17,1336.0,9459648.0,6017116.0,4794759.0,242460.11,166969.0,271231.0,3.5,3.6,111.13,110.38,122.5,27720709.0,142.5
2023-05-18,1339.4,9459648.0,6017116.0,4794759.0,242460.11,166969.0,271231.0,3.5,3.627,111.13,110.38,122.5,27720709.0,142.5
2023-05-19,1332.7,9459648.0,6017116.0,4794759.0,242460.11,166969.0,271231.0,3.5,3.603,111.13,110.38,122.5,27720709.0,142.5
2023-05-20,1332.7,9459648.0,6017116.0,4794759.0,242460.11,166969.0,271231.0,3.5,3.603,111.13,110.38,122.5,27720709.0,142.5
2023-05-21,1332.7,9459648.0,6017116.0,4794759.0,242460.11,166969.0,271231.0,3.5,3.603,111.13,110.38,122.5,27720709.0,142.5
2023-05-22,1331.2,9459648.0,6017116.0,4794759.0,242460.11,166969.0,271231.0,3.5,3.589,111.13,110.38,122.5,27720709.0,142.5
2023-05-23,1319.1,9459648.0,6017116.0,4794759.0,242460.11,166969.0,271231.0,3.5,3.559,111.13,110.38,122.5,27720709.0,142.5
2023-05-24,1311.4,9459648.0,6017116.0,4794759.0,242460.11,166969.0,271231.0,3.5,3.551,111.13,110.38,122.5,27720709.0,142.5
2023-05-25,1317.5,9459648.0,6017116.0,4794759.0,242460.11,166969.0,271231.0,3.5,3.603,111.13,110.38,122.5,27720709.0,142.5
2023-05-26,1323.4,9459648.0,6017116.0,4794759.0,242460.11,166969.0,271231.0,3.5,3.557,111.13,110.38,122.5,27720709.0,142.5
2023-05-27,1323.4,9459648.0,6017116.0,4794759.0,242460.11,166969.0,271231.0,3.5,3.557,111.13,110.38,122.5,27720709.0,142.5
2023-05-28,1323.4,9459648.0,6017116.0,4794759.0,242460.11,166969.0,271231.0,3.5,3.557,111.13,110.38,122.5,27720709.0,142.5
2023-05-29,1323.4,9459648.0,6017116.0,4794759.0,242460.11,166969.0,271231.0,3.5,3.557,111.13,110.38,122.5,27720709.0,142.5
2023-05-30,1325.6,9459648.0,6017116.0,4794759.0,242460.11,166969.0,271231.0,3.5,3.537,111.13,110.38,122.5,27720709.0,142.5
2023-05-31,1322.2,9459648.0,6017116.0,4794759.0,242460.11,166969.0,271231.0,3.5,3.543,111.13,110.38,122.5,27720709.0,142.5
2023-06-01,1321.6,9599198.0,5531066.0,4794759.0,242731.06,167128.0,264762.0,3.5,3.55,111.16,118.5,130.16,27720709.0,145.8
2023-06-02,1320.7,9599198.0,5531066.0,4794759.0,242731.06,167128.0,264762.0,3.5,3.504,111.16,118.5,130.16,27720709.0,145.8
2023-06-03,1320.7,9599198.0,5531066.0,4794759.0,242731.06,167128.0,264762.0,3.5,3.504,111.16,118.5,130.16,27720709.0,145.8
2023-06-04,1320.7,9599198.0,5531066.0,4794759.0,242731.06,167128.0,264762.0,3.5,3.504,111.16,118.5,130.16,27720709.0,145.8
2023-06-05,1308.8,9599198.0,5531066.0,4794759.0,242731.06,167128.0,264762.0,3.5,3.487,111.16,118.5,130.16,27720709.0,145.8
2023-06-06,1308.8,9599198.0,5531066.0,4794759.0,242731.06,167128.0,264762.0,3.5,3.487,111.16,118.5,130.16,27720709.0,145.8
2023-06-07,1308.3,9599198.0,5531066.0,4794759.0,242731.06,167128.0,264762.0,3.5,3.491,111.16,118.5,130.16,27720709.0,145.8
2023-06-08,1300.5,9599198.0,5531066.0,4794759.0,242731.06,167128.0,264762.0,3.5,3.561,111.16,118.5,130.16,27720709.0,145.8
2023-06-09,1306.1,9599198.0,5531066.0,4794759.0,242731.06,167128.0,264762.0,3.5,3.569,111.16,118.5,130.16,27720709.0,145.8
2023-06-10,1306.1,9599198.0,5531066.0,4794759.0,242731.06,167128.0,264762.0,3.5,3.569,111.16,118.5,130.16,27720709.0,145.8
2023-06-11,1306.1,9599198.0,5531066.0,4794759.0,242731.06,167128.0,264762.0,3.5,3.569,111.16,118.5,130.16,27720709.0,145.8
2023-06-12,1294.9,9599198.0,5531066.0,4794759.0,242731.06,167128.0,264762.0,3.5,3.56,111.16,118.5,130.16,27720709.0,145.8
2023-06-13,1291.1,9599198.0,5531066.0,4794759.0,242731.06,167128.0,264762.0,3.5,3.539,111.16,118.5,130.16,27720709.0,145.8
2023-06-14,1277.5,9599198.0,5531066.0,4794759.0,242731.06,167128.0,264762.0,3.5,3.532,111.16,118.5,130.16,27720709.0,145.8
2023-06-15,1275.9,9599198.0,5531066.0,4794759.0,242731.06,167128.0,264762.0,3.5,3.58,111.16,118.5,130.16,27720709.0,145.8
2023-06-16,1280.1,9599198.0,5531066.0,4794759.0,242731.06,167128.0,264762.0,3.5,3.592,111.16,118.5,130.16,27720709.0,145.8
2023-06-17,1280.1,9599198.0,5531066.0,4794759.0,242731.06,167128.0,264762.0,3.5,3.592,111.16,118.5,130.16,27720709.0,145.8
2023-06-18,1280.1,9599198.0,5531066.0,4794759.0,242731.06,167128.0,264762.0,3.5,3.592,111.16,118.5,130.16,27720709.0,145.8
2023-06-19,1273.5,9599198.0,5531066.0,4794759.0,242731.06,167128.0,264762.0,3.5,3.605,111.16,118.5,130.16,27720709.0,145.8
2023-06-20,1280.7,9599198.0,5531066.0,4794759.0,242731.06,167128.0,264762.0,3.5,3.591,111.16,118.5,130.16,27720709.0,145.8
2023-06-21,1282.2,9599198.0,5531066.0,4794759.0,242731.06,167128.0,264762.0,3.5,3.605,111.16,118.5,130.16,27720709.0,145.8
2023-06-22,1291.5,9599198.0,5531066.0,4794759.0,242731.06,167128.0,264762.0,3.5,3.578,111.16,118.5,130.16,27720709.0,145.8
2023-06-23,1291.4,9599198.0,5531066.0,4794759.0,242731.06,167128.0,264762.0,3.5,3.617,111.16,118.5,130.16,27720709.0,145.8
2023-06-24,1291.4,9599198.0,5531066.0,4794759.0,242731.06,167128.0,264762.0,3.5,3.617,111.16,118.5,130.16,27720709.0,145.8
2023-06-25,1291.4,9599198.0,5531066.0,4794759.0,242731.06,167128.0,264762.0,3.5,3.617,111.16,118.5,130.16,27720709.0,145.8
2023-06-26,1302.2,9599198.0,5531066.0,4794759.0,242731.06,167128.0,264762.0,3.5,3.559,111.16,118.5,130.16,27720709.0,145.8
2023-06-27,1303.8,9599198.0,5531066.0,4794759.0,242731.06,167128.0,264762.0,3.5,3.52,111.16,118.5,130.16,27720709.0,145.8
2023-06-28,1303.1,9599198.0,5531066.0,4794759.0,242731.06,167128.0,264762.0,3.5,3.531,111.16,118.5,130.16,27720709.0,145.8
2023-06-29,1304.3,9599198.0,5531066.0,4794759.0,242731.06,167128.0,264762.0,3.5,3.534,111.16,118.5,130.16,27720709.0,145.8
2023-06-30,1312.8,9599198.0,5531066.0,4794759.0,242731.06,167128.0,264762.0,3.5,3.767,111.16,118.5,130.16,27720709.0,145.8
2023-07-01,1312.8,9309186.0,5319602.0,4794759.0,245730.92,160080.0,262660.0,3.5,3.767,111.29,118.5,130.43,27720709.0,150.8
2023-07-02,1312.8,9309186.0,5319602.0,4794759.0,245730.92,160080.0,262660.0,3.5,3.767,111.29,118.5,130.43,27720709.0,150.8
2023-07-03,1319.4,9309186.0,5319602.0,4794759.0,245730.92,160080.0,262660.0,3.5,3.496,111.29,118.5,130.43,27720709.0,150.8
2023-07-04,1310.0,9309186.0,5319602.0,4794759.0,245730.92,160080.0,262660.0,3.5,3.454,111.29,118.5,130.43,27720709.0,150.8
2023-07-05,1301.7,9309186.0,5319602.0,4794759.0,245730.92,160080.0,262660.0,3.5,3.488,111.29,118.5,130.43,27720709.0,150.8
2023-07-06,1300.8,9309186.0,5319602.0,4794759.0,245730.92,160080.0,262660.0,3.5,3.542,111.29,118.5,130.43,27720709.0,150.8
2023-07-07,1303.8,9309186.0,5319602.0,4794759.0,245730.92,160080.0,262660.0,3.5,3.588,111.29,118.5,130.43,27720709.0,150.8
2023-07-08,1303.8,9309186.0,5319602.0,4794759.0,245730.92,160080.0,262660.0,3.5,3.588,111.29,118.5,130.43,27720709.0,150.8
2023-07-09,1303.8,9309186.0,5319602.0,4794759.0,245730.92,160080.0,262660.0,3.5,3.588,111.29,118.5,130.43,27720709.0,150.8
2023-07-10,1307.3,9309186.0,5319602.0,4794759.0,245730.92,160080.0,262660.0,3.5,3.582,111.29,118.5,130.43,27720709.0,150.8
2023-07-11,1303.8,9309186.0,5319602.0,4794759.0,245730.92,160080.0,262660.0,3.5,3.556,111.29,118.5,130.43,27720709.0,150.8
2023-07-12,1295.0,9309186.0,5319602.0,4794759.0,245730.92,160080.0,262660.0,3.5,3.527,111.29,118.5,130.43,27720709.0,150.8
2023-07-13,1291.4,9309186.0,5319602.0,4794759.0,245730.92,160080.0,262660.0,3.5,3.514,111.29,118.5,130.43,27720709.0,150.8
2023-07-14,1276.2,9309186.0,5319602.0,4794759.0,245730.92,160080.0,262660.0,3.5,3.507,111.29,118.5,130.43,27720709.0,150.8
2023-07-15,1276.2,9309186.0,5319602.0,4794759.0,245730.92,160080.0,262660.0,3.5,3.507,111.29,118.5,130.43,27720709.0,150.8
2023-07-16,1276.2,9309186.0,5319602.0,4794759.0,245730.92,160080.0,262660.0,3.5,3.507,111.29,118.5,130.43,27720709.0,150.8
2023-07-17,1265.8,9309186.0,5319602.0,4794759.0,245730.92,160080.0,262660.0,3.5,3.506,111.29,118.5,130.43,27720709.0,150.8
2023-07-18,1266.1,9309186.0,5319602.0,4794759.0,245730.92,160080.0,262660.0,3.5,3.51,111.29,118.5,130.43,27720709.0,150.8
2023-07-19,1261.6,9309186.0,5319602.0,4794759.0,245730.92,160080.0,262660.0,3.5,3.502,111.29,118.5,130.43,27720709.0,150.8
2023-07-20,1265.4,9309186.0,5319602.0,4794759.0,245730.92,160080.0,262660.0,3.5,3.528,111.29,118.5,130.43,27720709.0,150.8
2023-07-21,1265.8,9309186.0,5319602.0,4794759.0,245730.92,160080.0,262660.0,3.5,3.481,111.29,118.5,130.43,27720709.0,150.8
2023-07-22,1265.8,9309186.0,5319602.0,4794759.0,245730.92,160080.0,262660.0,3.5,3.481,111.29,118.5,130.43,27720709.0,150.8
2023-07-23,1265.8,9309186.0,5319602.0,4794759.0,245730.92,160080.0,262660.0,3.5,3.481,111.29,118.5,130.43,27720709.0,150.8
2023-07-24,1281.7,9309186.0,5319602.0,4794759.0,245730.92,160080.0,262660.0,3.5,3.498,111.29,118.5,130.43,27720709.0,150.8
2023-07-25,1283.8,9309186.0,5319602.0,4794759.0,245730.92,160080.0,262660.0,3.5,3.49,111.29,118.5,130.43,27720709.0,150.8
2023-07-26,1280.7,9309186.0,5319602.0,4794759.0,245730.92,160080.0,262660.0,3.5,3.483,111.29,118.5,130.43,27720709.0,150.8
2023-07-27,1278.7,9309186.0,5319602.0,4794759.0,245730.92,160080.0,262660.0,3.5,3.446,111.29,118.5,130.43,27720709.0,150.8
2023-07-28,1273.4,9309186.0,5319602.0,4794759.0,245730.92,160080.0,262660.0,3.5,3.461,111.29,118.5,130.43,27720709.0,150.8
2023-07-29,1273.4,9309186.0,5319602.0,4794759.0,245730.92,160080.0,262660.0,3.5,3.461,111.29,118.5,130.43,27720709.0,150.8
2023-07-30,1273.4,9309186.0,5319602.0,4794759.0,245730.92,160080.0,262660.0,3.5,3.461,111.29,118.5,130.43,27720709.0,150.8
2023-07-31,1280.0,9309186.0,5319602.0,4794759.0,245730.92,160080.0,262660.0,3.5,3.488,111.29,118.5,130.43,27720709.0,150.8
2023-08-01,1273.8,8959141.0,5390722.0,4794759.0,240987.69,172531.0,273042.0,3.5,3.455,112.28,123.35,135.83,27720709.0,149.7
2023-08-02,1280.7,8959141.0,5390722.0,4794759.0,240987.69,172531.0,273042.0,3.5,3.436,112.28,123.35,135.83,27720709.0,149.7
2023-08-03,1293.0,8959141.0,5390722.0,4794759.0,240987.69,172531.0,273042.0,3.5,3.45,112.28,123.35,135.83,27720709.0,149.7
2023-08-04,1298.8,8959141.0,5390722.0,4794759.0,240987.69,172531.0,273042.0,3.5,3.503,112.28,123.35,135.83,27720709.0,149.7
2023-08-05,1298.8,8959141.0,5390722.0,4794759.0,240987.69,172531.0,273042.0,3.5,3.503,112.28,123.35,135.83,27720709.0,149.7
2023-08-06,1298.8,8959141.0,5390722.0,4794759.0,240987.69,172531.0,273042.0,3.5,3.503,112.28,123.35,135.83,27720709.0,149.7
2023-08-07,1303.9,8959141.0,5390722.0,4794759.0,240987.69,172531.0,273042.0,3.5,3.535,112.28,123.35,135.83,27720709.0,149.7
2023-08-08,1304.1,8959141.0,5390722.0,4794759.0,240987.69,172531.0,273042.0,3.5,3.485,112.28,123.35,135.83,27720709.0,149.7
2023-08-09,1312.6,8959141.0,5390722.0,4794759.0,240987.69,172531.0,273042.0,3.5,3.487,112.28,123.35,135.83,27720709.0,149.7
2023-08-10,1318.3,8959141.0,5390722.0,4794759.0,240987.69,172531.0,273042.0,3.5,3.592,112.28,123.35,135.83,27720709.0,149.7
2023-08-11,1317.3,8959141.0,5390722.0,4794759.0,240987.69,172531.0,273042.0,3.5,3.576,112.28,123.35,135.83,27720709.0,149.7
2023-08-12,1317.3,8959141.0,5390722.0,4794759.0,240987.69,172531.0,273042.0,3.5,3.576,112.28,123.35,135.83,27720709.0,149.7
2023-08-13,1317.3,8959141.0,5390722.0,4794759.0,240987.69,172531.0,273042.0,3.5,3.576,112.28,123.35,135.83,27720709.0,149.7
2023-08-14,1321.1,8959141.0,5390722.0,4794759.0,240987.69,172531.0,273042.0,3.5,3.58,112.28,123.35,135.83,27720709.0,149.7
2023-08-15,1321.1,8959141.0,5390722.0,4794759.0,240987.69,172531.0,273042.0,3.5,3.58,112.28,123.35,135.83,27720709.0,149.7
2023-08-16,1331.3,8959141.0,5390722.0,4794759.0,240987.69,172531.0,273042.0,3.5,3.569,112.28,123.35,135.83,27720709.0,149.7
2023-08-17,1338.3,8959141.0,5390722.0,4794759.0,240987.69,172531.0,273042.0,3.5,3.557,112.28,123.35,135.83,27720709.0,149.7
2023-08-18,1341.6,8959141.0,5390722.0,4794759.0,240987.69,172531.0,273042.0,3.5,3.547,112.28,123.35,135.83,27720709.0,149.7
2023-08-19,1341.6,8959141.0,5390722.0,4794759.0,240987.69,172531.0,273042.0,3.5,3.547,112.28,123.35,135.83,27720709.0,149.7
2023-08-20,1341.6,8959141.0,5390722.0,4794759.0,240987.69,172531.0,273042.0,3.5,3.547,112.28,123.35,135.83,27720709.0,149.7
2023-08-21,1336.9,8959141.0,5390722.0,4794759.0,240987.69,172531.0,273042.0,3.5,3.545,112.28,123.35,135.83,27720709.0,149.7
2023-08-22,1341.5,8959141.0,5390722.0,4794759.0,240987.69,172531.0,273042.0,3.5,3.54,112.28,123.35,135.83,27720709.0,149.7
2023-08-23,1338.7,8959141.0,5390722.0,4794759.0,240987.69,172531.0,273042.0,3.5,3.56,112.28,123.35,135.83,27720709.0,149.7
2023-08-24,1338.0,8959141.0,5390722.0,4794759.0,240987.69,172531.0,273042.0,3.5,3.572,112.28,123.35,135.83,27720709.0,149.7
2023-08-25,1324.0,8959141.0,5390722.0,4794759.0,240987.69,172531.0,273042.0,3.5,3.565,112.28,123.35,135.83,27720709.0,149.7
2023-08-26,1324.0,8959141.0,5390722.0,4794759.0,240987.69,172531.0,273042.0,3.5,3.565,112.28,123.35,135.83,27720709.0,149.7
2023-08-27,1324.0,8959141.0,5390722.0,4794759.0,240987.69,172531.0,273042.0,3.5,3.565,112.28,123.35,135.83,27720709.0,149.7
2023-08-28,1326.6,8959141.0,5390722.0,4794759.0,240987.69,172531.0,273042.0,3.5,3.563,112.28,123.35,135.83,27720709.0,149.7
2023-08-29,1322.5,8959141.0,5390722.0,4794759.0,240987.69,172531.0,273042.0,3.5,3.564,112.28,123.35,135.83,27720709.0,149.7
2023-08-30,1322.0,8959141.0,5390722.0,4794759.0,240987.69,172531.0,273042.0,3.5,3.577,112.28,123.35,135.83,27720709.0,149.7
2023-08-31,1321.4,8959141.0,5390722.0,4794759.0,240987.69,172531.0,273042.0,3.5,3.62,112.28,123.35,135.83,27720709.0,149.7
2023-09-01,1322.3,10078334.0,5122090.0,4794759.0,239934.03,171036.0,268237.0,3.5,3.567,112.85,113.38,126.99,27720709.0,148.0
2023-09-02,1322.3,10078334.0,5122090.0,4794759.0,239934.03,171036.0,268237.0,3.5,3.567,112.85,113.38,126.99,27720709.0,148.0
2023-09-03,1322.3,10078334.0,5122090.0,4794759.0,239934.03,171036.0,268237.0,3.5,3.567,112.85,113.38,126.99,27720709.0,148.0
2023-09-04,1319.2,10078334.0,5122090.0,4794759.0,239934.03,171036.0,268237.0,3.5,3.545,112.85,113.38,126.99,27720709.0,148.0
2023-09-05,1319.3,10078334.0,5122090.0,4794759.0,239934.03,171036.0,268237.0,3.5,3.51,112.85,113.38,126.99,27720709.0,148.0
2023-09-06,1324.3,10078334.0,5122090.0,4794759.0,239934.03,171036.0,268237.0,3.5,3.496,112.85,113.38,126.99,27720709.0,148.0
2023-09-07,1332.6,10078334.0,5122090.0,4794759.0,239934.03,171036.0,268237.0,3.5,3.54,112.85,113.38,126.99,27720709.0,148.0
2023-09-08,1334.7,10078334.0,5122090.0,4794759.0,239934.03,171036.0,268237.0,3.5,3.593,112.85,113.38,126.99,27720709.0,148.0
2023-09-09,1334.7,10078334.0,5122090.0,4794759.0,239934.03,171036.0,268237.0,3.5,3.593,112.85,113.38,126.99,27720709.0,148.0
2023-09-10,1334.7,10078334.0,5122090.0,4794759.0,239934.03,171036.0,268237.0,3.5,3.593,112.85,113.38,126.99,27720709.0,148.0
2023-09-11,1333.4,10078334.0,5122090.0,4794759.0,239934.03,171036.0,268237.0,3.5,3.602,112.85,113.38,126.99,27720709.0,148.0
2023-09-12,1332.4,10078334.0,5122090.0,4794759.0,239934.03,171036.0,268237.0,3.5,3.597,112.85,113.38,126.99,27720709.0,148.0
2023-09-13,1326.1,10078334.0,5122090.0,4794759.0,239934.03,171036.0,268237.0,3.5,3.592,112.85,113.38,126.99,27720709.0,148.0
2023-09-14,1327.8,10078334.0,5122090.0,4794759.0,239934.03,171036.0,268237.0,3.5,3.587,112.85,113.38,126.99,27720709.0,148.0
2023-09-15,1326.1,10078334.0,5122090.0,4794759.0,239934.03,171036.0,268237.0,3.5,3.58,112.85,113.38,126.99,27720709.0,148.0
2023-09-16,1326.1,10078334.0,5122090.0,4794759.0,239934.03,171036.0,268237.0,3.5,3.58,112.85,113.38,126.99,27720709.0,148.0
2023-09-17,1326.1,10078334.0,5122090.0,4794759.0,239934.03,171036.0,268237.0,3.5,3.58,112.85,113.38,126.99,27720709.0,148.0
2023-09-18,1327.6,10078334.0,5122090.0,4794759.0,239934.03,171036.0,268237.0,3.5,3.583,112.85,113.38,126.99,27720709.0,148.0
2023-09-19,1326.0,10078334.0,5122090.0,4794759.0,239934.03,171036.0,268237.0,3.5,3.609,112.85,113.38,126.99,27720709.0,148.0
2023-09-20,1323.7,10078334.0,5122090.0,4794759.0,239934.03,171036.0,268237.0,3.5,3.619,112.85,113.38,126.99,27720709.0,148.0
2023-09-21,1329.3,10078334.0,5122090.0,4794759.0,239934.03,171036.0,268237.0,3.5,3.594,112.85,113.38,126.99,27720709.0,148.0
2023-09-22,1339.1,10078334.0,5122090.0,4794759.0,239934.03,171036.0,268237.0,3.5,3.618,112.85,113.38,126.99,27720709.0,148.0
2023-09-23,1339.1,10078334.0,5122090.0,4794759.0,239934.03,171036.0,268237.0,3.5,3.618,112.85,113.38,126.99,27720709.0,148.0
2023-09-24,1339.1,10078334.0,5122090.0,4794759.0,239934.03,171036.0,268237.0,3.5,3.618,112.85,113.38,126.99,27720709.0,148.0
2023-09-25,1337.6,10078334.0,5122090.0,4794759.0,239934.03,171036.0,268237.0,3.5,3.63,112.85,113.38,126.99,27720709.0,148.0
2023-09-26,1333.7,10078334.0,5122090.0,4794759.0,239934.03,171036.0,268237.0,3.5,3.62,112.85,113.38,126.99,27720709.0,148.0
2023-09-27,1344.8,10078334.0,5122090.0,4794759.0,239934.03,171036.0,268237.0,3.5,3.829,112.85,113.38,126.99,27720709.0,148.0
2023-09-28,1344.8,10078334.0,5122090.0,4794759.0,239934.03,171036.0,268237.0,3.5,3.829,112.85,113.38,126.99,27720709.0,148.0
2023-09-29,1344.8,10078334.0,5122090.0,4794759.0,239934.03,171036.0,268237.0,3.5,3.829,112.85,113.38,126.99,27720709.0,148.0
2023-09-30,1344.8,10078334.0,5122090.0,4794759.0,239934.03,171036.0,268237.0,3.5,3.829,112.85,113.38,126.99,27720709.0,148.0
2023-10-01,1344.8,10059689.0,6212986.0,4794759.0,239544.72,177653.0,283872.0,3.5,3.829,113.27,126.37,141.07,27720709.0,141.9
2023-10-02,1344.8,10059689.0,6212986.0,4794759.0,239544.72,177653.0,283872.0,3.5,3.829,113.27,126.37,141.07,27720709.0,141.9
2023-10-03,1344.8,10059689.0,6212986.0,4794759.0,239544.72,177653.0,283872.0,3.5,3.829,113.27,126.37,141.07,27720709.0,141.9
2023-10-04,1351.3,10059689.0,6212986.0,4794759.0,239544.72,177653.0,283872.0,3.5,3.555,113.27,126.37,141.07,27720709.0,141.9
2023-10-05,1360.6,10059689.0,6212986.0,4794759.0,239544.72,177653.0,283872.0,3.5,3.527,113.27,126.37,141.07,27720709.0,141.9
2023-10-06,1349.4,10059689.0,6212986.0,4794759.0,239544.72,177653.0,283872.0,3.5,3.502,113.27,126.37,141.07,27720709.0,141.9
2023-10-07,1349.4,10059689.0,6212986.0,4794759.0,239544.72,177653.0,283872.0,3.5,3.502,113.27,126.37,141.07,27720709.0,141.9
2023-10-08,1349.4,10059689.0,6212986.0,4794759.0,239544.72,177653.0,283872.0,3.5,3.502,113.27,126.37,141.07,27720709.0,141.9
2023-10-09,1349.4,10059689.0,6212986.0,4794759.0,239544.72,177653.0,283872.0,3.5,3.502,113.27,126.37,141.07,27720709.0,141.9
2023-10-10,1348.3,10059689.0,6212986.0,4794759.0,239544.72,177653.0,283872.0,3.5,3.471,113.27,126.37,141.07,27720709.0,141.9
2023-10-11,1348.3,10059689.0,6212986.0,4794759.0,239544.72,177653.0,283872.0,3.5,3.473,113.27,126.37,141.07,27720709.0,141.9
2023-10-12,1339.6,10059689.0,6212986.0,4794759.0,239544.72,177653.0,283872.0,3.5,3.512,113.27,126.37,141.07,27720709.0,141.9
2023-10-13,1339.9,10059689.0,6212986.0,4794759.0,239544.72,177653.0,283872.0,3.5,3.542,113.27,126.37,141.07,27720709.0,141.9
2023-10-14,1339.9,10059689.0,6212986.0,4794759.0,239544.72,177653.0,283872.0,3.5,3.542,113.27,126.37,141.07,27720709.0,141.9
2023-10-15,1339.9,10059689.0,6212986.0,4794759.0,239544.72,177653.0,283872.0,3.5,3.542,113.27,126.37,141.07,27720709.0,141.9
2023-10-16,1349.4,10059689.0,6212986.0,4794759.0,239544.72,177653.0,283872.0,3.5,3.518,113.27,126.37,141.07,27720709.0,141.9
2023-10-17,1353.8,10059689.0,6212986.0,4794759.0,239544.72,177653.0,283872.0,3.5,3.493,113.27,126.37,141.07,27720709.0,141.9
2023-10-18,1351.9,10059689.0,6212986.0,4794759.0,239544.72,177653.0,283872.0,3.5,3.492,113.27,126.37,141.07,27720709.0,141.9
2023-10-19,1351.7,10059689.0,6212986.0,4794759.0,239544.72,177653.0,283872.0,3.5,3.505,113.27,126.37,141.07,27720709.0,141.9
2023-10-20,1357.6,10059689.0,6212986.0,4794759.0,239544.72,177653.0,283872.0,3.5,3.523,113.27,126.37,141.07,27720709.0,141.9
2023-10-21,1357.6,10059689.0,6212986.0,4794759.0,239544.72,177653.0,283872.0,3.5,3.523,113.27,126.37,141.07,27720709.0,141.9
2023-10-22,1357.6,10059689.0,6212986.0,4794759.0,239544.72,177653.0,283872.0,3.5,3.523,113.27,126.37,141.07,27720709.0,141.9
2023-10-23,1355.1,10059689.0,6212986.0,4794759.0,239544.72,177653.0,283872.0,3.5,3.538,113.27,126.37,141.07,27720709.0,141.9
2023-10-24,1353.2,10059689.0,6212986.0,4794759.0,239544.72,177653.0,283872.0,3.5,3.531,113.27,126.37,141.07,27720709.0,141.9
2023-10-25,1343.9,10059689.0,6212986.0,4794759.0,239544.72,177653.0,283872.0,3.5,3.561,113.27,126.37,141.07,27720709.0,141.9
2023-10-26,1347.0,10059689.0,6212986.0,4794759.0,239544.72,177653.0,283872.0,3.5,3.556,113.27,126.37,141.07,27720709.0,141.9
2023-10-27,1357.1,10059689.0,6212986.0,4794759.0,239544.72,177653.0,283872.0,3.5,3.494,113.27,126.37,141.07,27720709.0,141.9
2023-10-28,1357.1,10059689.0,6212986.0,4794759.0,239544.72,177653.0,283872.0,3.5,3.494,113.27,126.37,141.07,27720709.0,141.9
2023-10-29,1357.1,10059689.0,6212986.0,4794759.0,239544.72,177653.0,283872.0,3.5,3.494,113.27,126.37,141.07,27720709.0,141.9
2023-10-30,1352.3,10059689.0,6212986.0,4794759.0,239544.72,177653.0,283872.0,3.5,3.515,113.27,126.37,141.07,27720709.0,141.9
2023-10-31,1352.8,10059689.0,6212986.0,4794759.0,239544.72,177653.0,283872.0,3.5,3.5,113.27,126.37,141.07,27720709.0,141.9
2023-11-01,1349.6,10943600.0,6204912.0,4794759.0,243651.88,165416.0,262659.0,3.5,3.516,112.68,122.08,135.04,27720709.0,146.7
2023-11-02,1356.9,10943600.0,6204912.0,4794759.0,243651.88,165416.0,262659.0,3.5,3.49,112.68,122.08,135.04,27720709.0,146.7
2023-11-03,1343.2,10943600.0,6204912.0,4794759.0,243651.88,165416.0,262659.0,3.5,3.52,112.68,122.08,135.04,27720709.0,146.7
2023-11-04,1343.2,10943600.0,6204912.0,4794759.0,243651.88,165416.0,262659.0,3.5,3.52,112.68,122.08,135.04,27720709.0,146.7
2023-11-05,1343.2,10943600.0,6204912.0,4794759.0,243651.88,165416.0,262659.0,3.5,3.52,112.68,122.08,135.04,27720709.0,146.7
2023-11-06,1325.8,10943600.0,6204912.0,4794759.0,243651.88,165416.0,262659.0,3.5,3.526,112.68,122.08,135.04,27720709.0,146.7
2023-11-07,1303.2,10943600.0,6204912.0,4794759.0,243651.88,165416.0,262659.0,3.5,3.463,112.68,122.08,135.04,27720709.0,146.7
2023-11-08,1306.1,10943600.0,6204912.0,4794759.0,243651.88,165416.0,262659.0,3.5,3.484,112.68,122.08,135.04,27720709.0,146.7
2023-11-09,1305.5,10943600.0,6204912.0,4794759.0,243651.88,165416.0,262659.0,3.5,3.563,112.68,122.08,135.04,27720709.0,146.7
2023-11-10,1309.0,10943600.0,6204912.0,4794759.0,243651.88,165416.0,262659.0,3.5,3.593,112.68,122.08,135.04,27720709.0,146.7
2023-11-11,1309.0,10943600.0,6204912.0,4794759.0,243651.88,165416.0,262659.0,3.5,3.593,112.68,122.08,135.04,27720709.0,146.7
2023-11-12,1309.0,10943600.0,6204912.0,4794759.0,243651.88,165416.0,262659.0,3.5,3.593,112.68,122.08,135.04,27720709.0,146.7
2023-11-13,1316.7,10943600.0,6204912.0,4794759.0,243651.88,165416.0,262659.0,3.5,3.575,112.68,122.08,135.04,27720709.0,146.7
2023-11-14,1322.7,10943600.0,6204912.0,4794759.0,243651.88,165416.0,262659.0,3.5,3.579,112.68,122.08,135.04,27720709.0,146.7
2023-11-15,1325.3,10943600.0,6204912.0,4794759.0,243651.88,165416.0,262659.0,3.5,3.57,112.68,122.08,135.04,27720709.0,146.7
2023-11-16,1302.0,10943600.0,6204912.0,4794759.0,243651.88,165416.0,262659.0,3.5,3.585,112.68,122.08,135.04,27720709.0,146.7
2023-11-17,1303.9,10943600.0,6204912.0,4794759.0,243651.88,165416.0,262659.0,3.5,3.601,112.68,122.08,135.04,27720709.0,146.7
2023-11-18,1303.9,10943600.0,6204912.0,4794759.0,243651.88,165416.0,262659.0,3.5,3.601,112.68,122.08,135.04,27720709.0,146.7
2023-11-19,1303.9,10943600.0,6204912.0,4794759.0,243651.88,165416.0,262659.0,3.5,3.601,112.68,122.08,135.04,27720709.0,146.7
2023-11-20,1294.4,10943600.0,6204912.0,4794759.0,243651.88,165416.0,262659.0,3.5,3.597,112.68,122.08,135.04,27720709.0,146.7
2023-11-21,1292.4,10943600.0,6204912.0,4794759.0,243651.88,165416.0,262659.0,3.5,3.585,112.68,122.08,135.04,27720709.0,146.7
2023-11-22,1287.7,10943600.0,6204912.0,4794759.0,243651.88,165416.0,262659.0,3.5,3.62,112.68,122.08,135.04,27720709.0,146.7
2023-11-23,1295.7,10943600.0,6204912.0,4794759.0,243651.88,165416.0,262659.0,3.5,3.598,112.68,122.08,135.04,27720709.0,146.7
2023-11-24,1298.7,10943600.0,6204912.0,4794759.0,243651.88,165416.0,262659.0,3.5,3.606,112.68,122.08,135.04,27720709.0,146.7
2023-11-25,1298.7,10943600.0,6204912.0,4794759.0,243651.88,165416.0,262659.0,3.5,3.606,112.68,122.08,135.04,27720709.0,146.7
2023-11-26,1298.7,10943600.0,6204912.0,4794759.0,243651.88,165416.0,262659.0,3.5,3.606,112.68,122.08,135.04,27720709.0,146.7
2023-11-27,1302.1,10943600.0,6204912.0,4794759.0,243651.88,165416.0,262659.0,3.5,3.604,112.68,122.08,135.04,27720709.0,146.7
2023-11-28,1304.7,10943600.0,6204912.0,4794759.0,243651.88,165416.0,262659.0,3.5,3.581,112.68,122.08,135.04,27720709.0,146.7
2023-11-29,1294.0,10943600.0,6204912.0,4794759.0,243651.88,165416.0,262659.0,3.5,3.595,112.68,122.08,135.04,27720709.0,146.7
2023-11-30,1289.0,10943600.0,6204912.0,4794759.0,243651.88,165416.0,262659.0,3.5,3.67,112.68,122.08,135.04,27720709.0,146.7
2023-12-01,1290.4,11280989.0,6279486.0,4794759.0,245237.19,167861.0,254196.0,3.5,3.552,112.73,120.84,132.89,27720709.0,154.9
2023-12-02,1290.4,11280989.0,6279486.0,4794759.0,245237.19,167861.0,254196.0,3.5,3.552,112.73,120.84,132.89,27720709.0,154.9
2023-12-03,1290.4,11280989.0,6279486.0,4794759.0,245237.19,167861.0,254196.0,3.5,3.552,112.73,120.84,132.89,27720709.0,154.9
2023-12-04,1303.2,11280989.0,6279486.0,4794759.0,245237.19,167861.0,254196.0,3.5,3.556,112.73,120.84,132.89,27720709.0,154.9
2023-12-05,1301.8,11280989.0,6279486.0,4794759.0,245237.19,167861.0,254196.0,3.5,3.549,112.73,120.84,132.89,27720709.0,154.9
2023-12-06,1311.7,11280989.0,6279486.0,4794759.0,245237.19,167861.0,254196.0,3.5,3.516,112.73,120.84,132.89,27720709.0,154.9
2023-12-07,1312.4,11280989.0,6279486.0,4794759.0,245237.19,167861.0,254196.0,3.5,3.618,112.73,120.84,132.89,27720709.0,154.9
2023-12-08,1322.7,11280989.0,6279486.0,4794759.0,245237.19,167861.0,254196.0,3.5,3.683,112.73,120.84,132.89,27720709.0,154.9
2023-12-09,1322.7,11280989.0,6279486.0,4794759.0,245237.19,167861.0,254196.0,3.5,3.683,112.73,120.84,132.89,27720709.0,154.9
2023-12-10,1322.7,11280989.0,6279486.0,4794759.0,245237.19,167861.0,254196.0,3.5,3.683,112.73,120.84,132.89,27720709.0,154.9
2023-12-11,1307.9,11280989.0,6279486.0,4794759.0,245237.19,167861.0,254196.0,3.5,3.712,112.73,120.84,132.89,27720709.0,154.9
2023-12-12,1318.3,11280989.0,6279486.0,4794759.0,245237.19,167861.0,254196.0,3.5,3.68,112.73,120.84,132.89,27720709.0,154.9
2023-12-13,1315.7,11280989.0,6279486.0,4794759.0,245237.19,167861.0,254196.0,3.5,3.655,112.73,120.84,132.89,27720709.0,154.9
2023-12-14,1316.5,11280989.0,6279486.0,4794759.0,245237.19,167861.0,254196.0,3.5,3.674,112.73,120.84,132.89,27720709.0,154.9
2023-12-15,1295.6,11280989.0,6279486.0,4794759.0,245237.19,167861.0,254196.0,3.5,3.649,112.73,120.84,132.89,27720709.0,154.9
2023-12-16,1295.6,11280989.0,6279486.0,4794759.0,245237.19,167861.0,254196.0,3.5,3.649,112.73,120.84,132.89,27720709.0,154.9
2023-12-17,1295.6,11280989.0,6279486.0,4794759.0,245237.19,167861.0,254196.0,3.5,3.649,112.73,120.84,132.89,27720709.0,154.9
2023-12-18,1294.7,11280989.0,6279486.0,4794759.0,245237.19,167861.0,254196.0,3.5,3.69,112.73,120.84,132.89,27720709.0,154.9
2023-12-19,1298.7,11280989.0,6279486.0,4794759.0,245237.19,167861.0,254196.0,3.5,3.719,112.73,120.84,132.89,27720709.0,154.9
2023-12-20,1304.7,11280989.0,6279486.0,4794759.0,245237.19,167861.0,254196.0,3.5,3.686,112.73,120.84,132.89,27720709.0,154.9
2023-12-21,1300.2,11280989.0,6279486.0,4794759.0,245237.19,167861.0,254196.0,3.5,3.629,112.73,120.84,132.89,27720709.0,154.9
2023-12-22,1303.8,11280989.0,6279486.0,4794759.0,245237.19,167861.0,254196.0,3.5,3.638,112.73,120.84,132.89,27720709.0,154.9
2023-12-23,1303.8,11280989.0,6279486.0,4794759.0,245237.19,167861.0,254196.0,3.5,3.638,112.73,120.84,132.89,27720709.0,154.9
2023-12-24,1303.8,11280989.0,6279486.0,4794759.0,245237.19,167861.0,254196.0,3.5,3.638,112.73,120.84,132.89,27720709.0,154.9
2023-12-25,1303.8,11280989.0,6279486.0,4794759.0,245237.19,167861.0,254196.0,3.5,3.638,112.73,120.84,132.89,27720709.0,154.9
2023-12-26,1300.7,11280989.0,6279486.0,4794759.0,245237.19,167861.0,254196.0,3.5,3.632,112.73,120.84,132.89,27720709.0,154.9
2023-12-27,1296.8,11280989.0,6279486.0,4794759.0,245237.19,167861.0,254196.0,3.5,3.556,112.73,120.84,132.89,27720709.0,154.9
2023-12-28,1294.4,11280989.0,6279486.0,4794759.0,245237.19,167861.0,254196.0,3.5,3.6,112.73,120.84,132.89,27720709.0,154.9
2023-12-29,1289.4,11280989.0,6279486.0,4794759.0,245237.19,167861.0,254196.0,3.5,3.906,112.73,120.84,132.89,27720709.0,154.9
2023-12-30,1289.4,11280989.0,6279486.0,4794759.0,245237.19,167861.0,254196.0,3.5,3.906,112.73,120.84,132.89,27720709.0,154.9
2023-12-31,1289.4,11280989.0,6279486.0,4794759.0,245237.19,167861.0,254196.0,3.5,3.906,112.73,120.84,132.89,27720709.0,154.9
2024-01-01,1289.4,10252308.0,6138062.0,4794759.0,242257.29,160579.0,261029.0,3.5,3.906,113.17,112.81,124.1,29203500.0,157.4
2024-01-02,1289.4,10252308.0,6138062.0,4794759.0,242257.29,160579.0,261029.0,3.5,3.535,113.17,112.81,124.1,29203500.0,157.4
2024-01-03,1299.3,10252308.0,6138062.0,4794759.0,242257.29,160579.0,261029.0,3.5,3.422,113.17,112.81,124.1,29203500.0,157.4
2024-01-04,1308.8,10252308.0,6138062.0,4794759.0,242257.29,160579.0,261029.0,3.5,3.391,113.17,112.81,124.1,29203500.0,157.4
2024-01-05,1310.2,10252308.0,6138062.0,4794759.0,242257.29,160579.0,261029.0,3.5,3.384,113.17,112.81,124.1,29203500.0,157.4
2024-01-06,1310.2,10252308.0,6138062.0,4794759.0,242257.29,160579.0,261029.0,3.5,3.384,113.17,112.81,124.1,29203500.0,157.4
2024-01-07,1310.2,10252308.0,6138062.0,4794759.0,242257.29,160579.0,261029.0,3.5,3.384,113.17,112.81,124.1,29203500.0,157.4
2024-01-08,1313.7,10252308.0,6138062.0,4794759.0,242257.29,160579.0,261029.0,3.5,3.378,113.17,112.81,124.1,29203500.0,157.4
2024-01-09,1314.8,10252308.0,6138062.0,4794759.0,242257.29,160579.0,261029.0,3.5,3.412,113.17,112.81,124.1,29203500.0,157.4
2024-01-10,1312.1,10252308.0,6138062.0,4794759.0,242257.29,160579.0,261029.0,3.5,3.503,113.17,112.81,124.1,29203500.0,157.4
2024-01-11,1320.1,10252308.0,6138062.0,4794759.0,242257.29,160579.0,261029.0,3.5,3.393,113.17,112.81,124.1,29203500.0,157.4
2024-01-12,1316.0,10252308.0,6138062.0,4794759.0,242257.29,160579.0,261029.0,3.5,3.432,113.17,112.81,124.1,29203500.0,157.4
2024-01-13,1316.0,10252308.0,6138062.0,4794759.0,242257.29,160579.0,261029.0,3.5,3.432,113.17,112.81,124.1,29203500.0,157.4
2024-01-14,1316.0,10252308.0,6138062.0,4794759.0,242257.29,160579.0,261029.0,3.5,3.432,113.17,112.81,124.1,29203500.0,157.4
2024-01-15,1314.1,10252308.0,6138062.0,4794759.0,242257.29,160579.0,261029.0,3.5,3.473,113.17,112.81,124.1,29203500.0,157.4
2024-01-16,1319.3,10252308.0,6138062.0,4794759.0,242257.29,160579.0,261029.0,3.5,3.492,113.17,112.81,124.1,29203500.0,157.4
2024-01-17,1329.0,10252308.0,6138062.0,4794759.0,242257.29,160579.0,261029.0,3.5,3.499,113.17,112.81,124.1,29203500.0,157.4
2024-01-18,1343.2,10252308.0,6138062.0,4794759.0,242257.29,160579.0,261029.0,3.5,3.507,113.17,112.81,124.1,29203500.0,157.4
2024-01-19,1342.4,10252308.0,6138062.0,4794759.0,242257.29,160579.0,261029.0,3.5,3.525,113.17,112.81,124.1,29203500.0,157.4
2024-01-20,1342.4,10252308.0,6138062.0,4794759.0,242257.29,160579.0,261029.0,3.5,3.525,113.17,112.81,124.1,29203500.0,157.4
2024-01-21,1342.4,10252308.0,6138062.0,4794759.0,242257.29,160579.0,261029.0,3.5,3.525,113.17,112.81,124.1,29203500.0,157.4
2024-01-22,1336.5,10252308.0,6138062.0,4794759.0,242257.29,160579.0,261029.0,3.5,3.523,113.17,112.81,124.1,29203500.0,157.4
2024-01-23,1334.7,10252308.0,6138062.0,4794759.0,242257.29,160579.0,261029.0,3.5,3.474,113.17,112.81,124.1,29203500.0,157.4
2024-01-24,1336.0,10252308.0,6138062.0,4794759.0,242257.29,160579.0,261029.0,3.5,3.449,113.17,112.81,124.1,29203500.0,157.4
2024-01-25,1339.1,10252308.0,6138062.0,4794759.0,242257.29,160579.0,261029.0,3.5,3.46,113.17,112.81,124.1,29203500.0,157.4
2024-01-26,1335.7,10252308.0,6138062.0,4794759.0,242257.29,160579.0,261029.0,3.5,3.504,113.17,112.81,124.1,29203500.0,157.4
2024-01-27,1335.7,10252308.0,6138062.0,4794759.0,242257.29,160579.0,261029.0,3.5,3.504,113.17,112.81,124.1,29203500.0,157.4
2024-01-28,1335.7,10252308.0,6138062.0,4794759.0,242257.29,160579.0,261029.0,3.5,3.504,113.17,112.81,124.1,29203500.0,157.4
2024-01-29,1336.6,10252308.0,6138062.0,4794759.0,242257.29,160579.0,261029.0,3.5,3.484,113.17,112.81,124.1,29203500.0,157.4
2024-01-30,1336.9,10252308.0,6138062.0,4794759.0,242257.29,160579.0,261029.0,3.5,3.545,113.17,112.81,124.1,29203500.0,157.4
2024-01-31,1330.6,10252308.0,6138062.0,4794759.0,242257.29,160579.0,261029.0,3.5,3.613,113.17,112.81,124.1,29203500.0,157.4
2024-02-01,1333.5,9809053.0,5612523.0,4794759.0,242257.29,167171.0,249571.0,3.5,3.573,113.78,112.05,121.87,29203500.0,162.4
2024-02-02,1332.5,9809053.0,5612523.0,4794759.0,242257.29,167171.0,249571.0,3.5,3.541,113.78,112.05,121.87,29203500.0,162.4
2024-02-03,1332.5,9809053.0,5612523.0,4794759.0,242257.29,167171.0,249571.0,3.5,3.541,113.78,112.05,121.87,29203500.0,162.4
2024-02-04,1332.5,9809053.0,5612523.0,4794759.0,242257.29,167171.0,249571.0,3.5,3.541,113.78,112.05,121.87,29203500.0,162.4
2024-02-05,1325.1,9809053.0,5612523.0,4794759.0,242257.29,167171.0,249571.0,3.5,3.573,113.78,112.05,121.87,29203500.0,162.4
2024-02-06,1334.6,9809053.0,5612523.0,4794759.0,242257.29,167171.0,249571.0,3.5,3.572,113.78,112.05,121.87,29203500.0,162.4
2024-02-07,1329.6,9809053.0,5612523.0,4794759.0,242257.29,167171.0,249571.0,3.5,3.518,113.78,112.05,121.87,29203500.0,162.4
2024-02-08,1325.3,9809053.0,5612523.0,4794759.0,242257.29,167171.0,249571.0,3.5,3.601,113.78,112.05,121.87,29203500.0,162.4
2024-02-09,1325.3,9809053.0,5612523.0,4794759.0,242257.29,167171.0,249571.0,3.5,3.601,113.78,112.05,121.87,29203500.0,162.4
2024-02-10,1325.3,9809053.0,5612523.0,4794759.0,242257.29,167171.0,249571.0,3.5,3.601,113.78,112.05,121.87,29203500.0,162.4
2024-02-11,1325.3,9809053.0,5612523.0,4794759.0,242257.29,167171.0,249571.0,3.5,3.601,113.78,112.05,121.87,29203500.0,162.4
2024-02-12,1325.3,9809053.0,5612523.0,4794759.0,242257.29,167171.0,249571.0,3.5,3.601,113.78,112.05,121.87,29203500.0,162.4
2024-02-13,1327.2,9809053.0,5612523.0,4794759.0,242257.29,167171.0,249571.0,3.5,3.62,113.78,112.05,121.87,29203500.0,162.4
2024-02-14,1328.4,9809053.0,5612523.0,4794759.0,242257.29,167171.0,249571.0,3.5,3.644,113.78,112.05,121.87,29203500.0,162.4
2024-02-15,1336.9,9809053.0,5612523.0,4794759.0,242257.29,167171.0,249571.0,3.5,3.682,113.78,112.05,121.87,29203500.0,162.4
2024-02-16,1333.2,9809053.0,5612523.0,4794759.0,242257.29,167171.0,249571.0,3.5,3.661,113.78,112.05,121.87,29203500.0,162.4
2024-02-17,1333.2,9809053.0,5612523.0,4794759.0,242257.29,167171.0,249571.0,3.5,3.661,113.78,112.05,121.87,29203500.0,162.4
2024-02-18,1333.2,9809053.0,5612523.0,4794759.0,242257.29,167171.0,249571.0,3.5,3.661,113.78,112.05,121.87,29203500.0,162.4
2024-02-19,1333.0,9809053.0,5612523.0,4794759.0,242257.29,167171.0,249571.0,3.5,3.634,113.78,112.05,121.87,29203500.0,162.4
2024-02-20,1333.8,9809053.0,5612523.0,4794759.0,242257.29,167171.0,249571.0,3.5,3.59,113.78,112.05,121.87,29203500.0,162.4
2024-02-21,1337.9,9809053.0,5612523.0,4794759.0,242257.29,167171.0,249571.0,3.5,3.625,113.78,112.05,121.87,29203500.0,162.4
2024-02-22,1335.0,9809053.0,5612523.0,4794759.0,242257.29,167171.0,249571.0,3.5,3.659,113.78,112.05,121.87,29203500.0,162.4
2024-02-23,1331.0,9809053.0,5612523.0,4794759.0,242257.29,167171.0,249571.0,3.5,3.677,113.78,112.05,121.87,29203500.0,162.4
2024-02-24,1331.0,9809053.0,5612523.0,4794759.0,242257.29,167171.0,249571.0,3.5,3.677,113.78,112.05,121.87,29203500.0,162.4
2024-02-25,1331.0,9809053.0,5612523.0,4794759.0,242257.29,167171.0,249571.0,3.5,3.677,113.78,112.05,121.87,29203500.0,162.4
2024-02-26,1329.3,9809053.0,5612523.0,4794759.0,242257.29,167171.0,249571.0,3.5,3.568,113.78,112.05,121.87,29203500.0,162.4
2024-02-27,1331.4,9809053.0,5612523.0,4794759.0,242257.29,167171.0,249571.0,3.5,3.465,113.78,112.05,121.87,29203500.0,162.4
2024-02-28,1331.3,9809053.0,5612523.0,4794759.0,242257.29,167171.0,249571.0,3.5,3.401,113.78,112.05,121.87,29203500.0,162.4
2024-02-29,1334.0,9809053.0,5612523.0,4794759.0,242257.29,167171.0,249571.0,3.5,3.463,113.78,112.05,121.87,29203500.0,162.4
2024-03-01,1334.0,10880793.0,5975811.0,4794759.0,242257.29,179391.0,266361.0,3.5,3.463,113.95,126.94,138.31,29203500.0,168.4
2024-03-02,1334.0,10880793.0,5975811.0,4794759.0,242257.29,179391.0,266361.0,3.5,3.463,113.95,126.94,138.31,29203500.0,168.4
2024-03-03,1334.0,10880793.0,5975811.0,4794759.0,242257.29,179391.0,266361.0,3.5,3.463,113.95,126.94,138.31,29203500.0,168.4
2024-03-04,1334.1,10880793.0,5975811.0,4794759.0,242257.29,179391.0,266361.0,3.5,3.366,113.95,126.94,138.31,29203500.0,168.4
2024-03-05,1330.1,10880793.0,5975811.0,4794759.0,242257.29,179391.0,266361.0,3.5,3.237,113.95,126.94,138.31,29203500.0,168.4
2024-03-06,1333.2,10880793.0,5975811.0,4794759.0,242257.29,179391.0,266361.0,3.5,3.477,113.95,126.94,138.31,29203500.0,168.4
2024-03-07,1335.7,10880793.0,5975811.0,4794759.0,242257.29,179391.0,266361.0,3.5,3.375,113.95,126.94,138.31,29203500.0,168.4
2024-03-08,1329.6,10880793.0,5975811.0,4794759.0,242257.29,179391.0,266361.0,3.5,3.546,113.95,126.94,138.31,29203500.0,168.4
2024-03-09,1329.6,10880793.0,5975811.0,4794759.0,242257.29,179391.0,266361.0,3.5,3.546,113.95,126.94,138.31,29203500.0,168.4
2024-03-10,1329.6,10880793.0,5975811.0,4794759.0,242257.29,179391.0,266361.0,3.5,3.546,113.95,126.94,138.31,29203500.0,168.4
2024-03-11,1323.1,10880793.0,5975811.0,4794759.0,242257.29,179391.0,266361.0,3.5,3.4,113.95,126.94,138.31,29203500.0,168.4
2024-03-12,1314.4,10880793.0,5975811.0,4794759.0,242257.29,179391.0,266361.0,3.5,3.421,113.95,126.94,138.31,29203500.0,168.4
2024-03-13,1311.1,10880793.0,5975811.0,4794759.0,242257.29,179391.0,266361.0,3.5,3.471,113.95,126.94,138.31,29203500.0,168.4
2024-03-14,1312.8,10880793.0,5975811.0,4794759.0,242257.29,179391.0,266361.0,3.5,3.486,113.95,126.94,138.31,29203500.0,168.4
2024-03-15,1316.9,10880793.0,5975811.0,4794759.0,242257.29,179391.0,266361.0,3.5,3.464,113.95,126.94,138.31,29203500.0,168.4
2024-03-16,1316.9,10880793.0,5975811.0,4794759.0,242257.29,179391.0,266361.0,3.5,3.464,113.95,126.94,138.31,29203500.0,168.4
2024-03-17,1316.9,10880793.0,5975811.0,4794759.0,242257.29,179391.0,266361.0,3.5,3.464,113.95,126.94,138.31,29203500.0,168.4
2024-03-18,1328.4,10880793.0,5975811.0,4794759.0,242257.29,179391.0,266361.0,3.5,3.441,113.95,126.94,138.31,29203500.0,168.4
2024-03-19,1333.0,10880793.0,5975811.0,4794759.0,242257.29,179391.0,266361.0,3.5,3.513,113.95,126.94,138.31,29203500.0,168.4
2024-03-20,1338.5,10880793.0,5975811.0,4794759.0,242257.29,179391.0,266361.0,3.5,3.533,113.95,126.94,138.31,29203500.0,168.4
2024-03-21,1338.7,10880793.0,5975811.0,4794759.0,242257.29,179391.0,266361.0,3.5,3.529,113.95,126.94,138.31,29203500.0,168.4
2024-03-22,1326.3,10880793.0,5975811.0,4794759.0,242257.29,179391.0,266361.0,3.5,3.476,113.95,126.94,138.31,29203500.0,168.4
2024-03-23,1326.3,10880793.0,5975811.0,4794759.0,242257.29,179391.0,266361.0,3.5,3.476,113.95,126.94,138.31,29203500.0,168.4
2024-03-24,1326.3,10880793.0,5975811.0,4794759.0,242257.29,179391.0,266361.0,3.5,3.476,113.95,126.94,138.31,29203500.0,168.4
2024-03-25,1336.1,10880793.0,5975811.0,4794759.0,242257.29,179391.0,266361.0,3.5,3.482,113.95,126.94,138.31,29203500.0,168.4
2024-03-26,1340.7,10880793.0,5975811.0,4794759.0,242257.29,179391.0,266361.0,3.5,3.472,113.95,126.94,138.31,29203500.0,168.4
2024-03-27,1338.6,10880793.0,5975811.0,4794759.0,242257.29,179391.0,266361.0,3.5,3.44,113.95,126.94,138.31,29203500.0,168.4
2024-03-28,1345.8,10880793.0,5975811.0,4794759.0,242257.29,179391.0,266361.0,3.5,3.502,113.95,126.94,138.31,29203500.0,168.4
2024-03-29,1346.8,10880793.0,5975811.0,4794759.0,242257.29,179391.0,266361.0,3.5,3.574,113.95,126.94,138.31,29203500.0,168.4
2024-03-30,1346.8,10880793.0,5975811.0,4794759.0,242257.29,179391.0,266361.0,3.5,3.574,113.95,126.94,138.31,29203500.0,168.4
2024-03-31,1346.8,10880793.0,5975811.0,4794759.0,242257.29,179391.0,266361.0,3.5,3.574,113.95,126.94,138.31,29203500.0,168.4
2024-04-01,1347.4,11400587.0,6012893.0,4794759.0,242257.29,171453.0,278902.0,3.5,3.501,114.01,132.55,143.57,29203500.0,166.7
2024-04-02,1347.1,11400587.0,6012893.0,4794759.0,242257.29,171453.0,278902.0,3.5,3.479,114.01,132.55,143.57,29203500.0,166.7
2024-04-03,1353.0,11400587.0,6012893.0,4794759.0,242257.29,171453.0,278902.0,3.5,3.445,114.01,132.55,143.57,29203500.0,166.7
2024-04-04,1349.1,11400587.0,6012893.0,4794759.0,242257.29,171453.0,278902.0,3.5,3.499,114.01,132.55,143.57,29203500.0,166.7
2024-04-05,1346.8,11400587.0,6012893.0,4794759.0,242257.29,171453.0,278902.0,3.5,3.526,114.01,132.55,143.57,29203500.0,166.7
2024-04-06,1346.8,11400587.0,6012893.0,4794759.0,242257.29,171453.0,278902.0,3.5,3.526,114.01,132.55,143.57,29203500.0,166.7
2024-04-07,1346.8,11400587.0,6012893.0,4794759.0,242257.29,171453.0,278902.0,3.5,3.526,114.01,132.55,143.57,29203500.0,166.7
2024-04-08,1351.8,11400587.0,6012893.0,4794759.0,242257.29,171453.0,278902.0,3.5,3.544,114.01,132.55,143.57,29203500.0,166.7
2024-04-09,1353.6,11400587.0,6012893.0,4794759.0,242257.29,171453.0,278902.0,3.5,3.461,114.01,132.55,143.57,29203500.0,166.7
2024-04-10,1353.6,11400587.0,6012893.0,4794759.0,242257.29,171453.0,278902.0,3.5,3.461,114.01,132.55,143.57,29203500.0,166.7
2024-04-11,1354.4,11400587.0,6012893.0,4794759.0,242257.29,171453.0,278902.0,3.5,3.503,114.01,132.55,143.57,29203500.0,166.7
2024-04-12,1363.7,11400587.0,6012893.0,4794759.0,242257.29,171453.0,278902.0,3.5,3.5,114.01,132.55,143.57,29203500.0,166.7
2024-04-13,1363.7,11400587.0,6012893.0,4794759.0,242257.29,171453.0,278902.0,3.5,3.5,114.01,132.55,143.57,29203500.0,166.7
2024-04-14,1363.7,11400587.0,6012893.0,4794759.0,242257.29,171453.0,278902.0,3.5,3.5,114.01,132.55,143.57,29203500.0,166.7
2024-04-15,1371.6,11400587.0,6012893.0,4794759.0,242257.29,171453.0,278902.0,3.5,3.494,114.01,132.55,143.57,29203500.0,166.7
2024-04-16,1383.7,11400587.0,6012893.0,4794759.0,242257.29,171453.0,278902.0,3.5,3.42,114.01,132.55,143.57,29203500.0,166.7
2024-04-17,1395.3,11400587.0,6012893.0,4794759.0,242257.29,171453.0,278902.0,3.5,3.485,114.01,132.55,143.57,29203500.0,166.7
2024-04-18,1386.3,11400587.0,6012893.0,4794759.0,242257.29,171453.0,278902.0,3.5,3.519,114.01,132.55,143.57,29203500.0,166.7
2024-04-19,1375.9,11400587.0,6012893.0,4794759.0,242257.29,171453.0,278902.0,3.5,3.514,114.01,132.55,143.57,29203500.0,166.7
2024-04-20,1375.9,11400587.0,6012893.0,4794759.0,242257.29,171453.0,278902.0,3.5,3.514,114.01,132.55,143.57,29203500.0,166.7
2024-04-21,1375.9,11400587.0,6012893.0,4794759.0,242257.29,171453.0,278902.0,3.5,3.514,114.01,132.55,143.57,29203500.0,166.7
2024-04-22,1385.0,11400587.0,6012893.0,4794759.0,242257.29,171453.0,278902.0,3.5,3.533,114.01,132.55,143.57,29203500.0,166.7
2024-04-23,1380.6,11400587.0,6012893.0,4794759.0,242257.29,171453.0,278902.0,3.5,3.532,114.01,132.55,143.57,29203500.0,166.7
2024-04-24,1377.9,11400587.0,6012893.0,4794759.0,242257.29,171453.0,278902.0,3.5,3.519,114.01,132.55,143.57,29203500.0,166.7
2024-04-25,1370.0,11400587.0,6012893.0,4794759.0,242257.29,171453.0,278902.0,3.5,3.562,114.01,132.55,143.57,29203500.0,166.7
2024-04-26,1376.6,11400587.0,6012893.0,4794759.0,242257.29,171453.0,278902.0,3.5,3.581,114.01,132.55,143.57,29203500.0,166.7
2024-04-27,1376.6,11400587.0,6012893.0,4794759.0,242257.29,171453.0,278902.0,3.5,3.581,114.01,132.55,143.57,29203500.0,166.7
2024-04-28,1376.6,11400587.0,6012893.0,4794759.0,242257.29,171453.0,278902.0,3.5,3.581,114.01,132.55,143.57,29203500.0,166.7
2024-04-29,1375.9,11400587.0,6012893.0,4794759.0,242257.29,171453.0,278902.0,3.5,3.573,114.01,132.55,143.57,29203500.0,166.7
2024-04-30,1378.7,11400587.0,6012893.0,4794759.0,242257.29,171453.0,278902.0,3.5,3.655,114.01,132.55,143.57,29203500.0,166.7
2024-05-01,1378.7,10930529.0,6375264.0,4794759.0,242257.29,173421.0,282852.0,3.5,3.655,114.1,131.78,141.77,29203500.0,169.3
2024-05-02,1378.0,10930529.0,6375264.0,4794759.0,242257.29,173421.0,282852.0,3.5,3.489,114.1,131.78,141.77,29203500.0,169.3
2024-05-03,1378.5,10930529.0,6375264.0,4794759.0,242257.29,173421.0,282852.0,3.5,3.475,114.1,131.78,141.77,29203500.0,169.3
2024-05-04,1378.5,10930529.0,6375264.0,4794759.0,242257.29,173421.0,282852.0,3.5,3.475,114.1,131.78,141.77,29203500.0,169.3
2024-05-05,1378.5,10930529.0,6375264.0,4794759.0,242257.29,173421.0,282852.0,3.5,3.475,114.1,131.78,141.77,29203500.0,169.3
2024-05-06,1378.5,10930529.0,6375264.0,4794759.0,242257.29,173421.0,282852.0,3.5,3.475,114.1,131.78,141.77,29203500.0,169.3
2024-05-07,1365.2,10930529.0,6375264.0,4794759.0,242257.29,173421.0,282852.0,3.5,3.5,114.1,131.78,141.77,29203500.0,169.3
2024-05-08,1357.8,10930529.0,6375264.0,4794759.0,242257.29,173421.0,282852.0,3.5,3.485,114.1,131.78,141.77,29203500.0,169.3
2024-05-09,1364.4,10930529.0,6375264.0,4794759.0,242257.29,173421.0,282852.0,3.5,3.5,114.1,131.78,141.77,29203500.0,169.3
2024-05-10,1367.9,10930529.0,6375264.0,4794759.0,242257.29,173421.0,282852.0,3.5,3.546,114.1,131.78,141.77,29203500.0,169.3
2024-05-11,1367.9,10930529.0,6375264.0,4794759.0,242257.29,173421.0,282852.0,3.5,3.546,114.1,131.78,141.77,29203500.0,169.3
2024-05-12,1367.9,10930529.0,6375264.0,4794759.0,242257.29,173421.0,282852.0,3.5,3.546,114.1,131.78,141.77,29203500.0,169.3
2024-05-13,1367.9,10930529.0,6375264.0,4794759.0,242257.29,173421.0,282852.0,3.5,3.574,114.1,131.78,141.77,29203500.0,169.3
2024-05-14,1370.1,10930529.0,6375264.0,4794759.0,242257.29,173421.0,282852.0,3.5,3.563,114.1,131.78,141.77,29203500.0,169.3
2024-05-15,1370.1,10930529.0,6375264.0,4794759.0,242257.29,173421.0,282852.0,3.5,3.563,114.1,131.78,141.77,29203500.0,169.3
2024-05-16,1369.0,10930529.0,6375264.0,4794759.0,242257.29,173421.0,282852.0,3.5,3.542,114.1,131.78,141.77,29203500.0,169.3
2024-05-17,1349.4,10930529.0,6375264.0,4794759.0,242257.29,173421.0,282852.0,3.5,3.534,114.1,131.78,141.77,29203500.0,169.3
2024-05-18,1349.4,10930529.0,6375264.0,4794759.0,242257.29,173421.0,282852.0,3.5,3.534,114.1,131.78,141.77,29203500.0,169.3
2024-05-19,1349.4,10930529.0,6375264.0,4794759.0,242257.29,173421.0,282852.0,3.5,3.534,114.1,131.78,141.77,29203500.0,169.3
2024-05-20,1355.2,10930529.0,6375264.0,4794759.0,242257.29,173421.0,282852.0,3.5,3.539,114.1,131.78,141.77,29203500.0,169.3
2024-05-21,1356.2,10930529.0,6375264.0,4794759.0,242257.29,173421.0,282852.0,3.5,3.531,114.1,131.78,141.77,29203500.0,169.3
2024-05-22,1364.4,10930529.0,6375264.0,4794759.0,242257.29,173421.0,282852.0,3.5,3.531,114.1,131.78,141.77,29203500.0,169.3
2024-05-23,1363.1,10930529.0,6375264.0,4794759.0,242257.29,173421.0,282852.0,3.5,3.556,114.1,131.78,141.77,29203500.0,169.3
2024-05-24,1364.5,10930529.0,6375264.0,4794759.0,242257.29,173421.0,282852.0,3.5,3.565,114.1,131.78,141.77,29203500.0,169.3
2024-05-25,1364.5,10930529.0,6375264.0,4794759.0,242257.29,173421.0,282852.0,3.5,3.565,114.1,131.78,141.77,29203500.0,169.3
2024-05-26,1364.5,10930529.0,6375264.0,4794759.0,242257.29,173421.0,282852.0,3.5,3.565,114.1,131.78,141.77,29203500.0,169.3
2024-05-27,1370.0,10930529.0,6375264.0,4794759.0,242257.29,173421.0,282852.0,3.5,3.555,114.1,131.78,141.77,29203500.0,169.3
2024-05-28,1365.4,10930529.0,6375264.0,4794759.0,242257.29,173421.0,282852.0,3.5,3.52,114.1,131.78,141.77,29203500.0,169.3
2024-05-29,1359.5,10930529.0,6375264.0,4794759.0,242257.29,173421.0,282852.0,3.5,3.523,114.1,131.78,141.77,29203500.0,169.3
2024-05-30,1364.8,10930529.0,6375264.0,4794759.0,242257.29,173421.0,282852.0,3.5,3.528,114.1,131.78,141.77,29203500.0,169.3
2024-05-31,1376.5,10930529.0,6375264.0,4794759.0,242257.29,173421.0,282852.0,3.5,3.58,114.1,131.78,141.77,29203500.0,169.3
2024-06-01,1376.5,11295693.0,5496912.0,4794759.0,242257.29,174419.0,272897.0,3.5,3.58,113.84,115.91,125.47,29203500.0,168.5
2024-06-02,1376.5,11295693.0,5496912.0,4794759.0,242257.29,174419.0,272897.0,3.5,3.58,113.84,115.91,125.47,29203500.0,168.5
2024-06-03,1381.6,11295693.0,5496912.0,4794759.0,242257.29,174419.0,272897.0,3.5,3.539,113.84,115.91,125.47,29203500.0,168.5
2024-06-04,1377.6,11295693.0,5496912.0,4794759.0,242257.29,174419.0,272897.0,3.5,3.483,113.84,115.91,125.47,29203500.0,168.5
2024-06-05,1373.1,11295693.0,5496912.0,4794759.0,242257.29,174419.0,272897.0,3.5,3.502,113.84,115.91,125.47,29203500.0,168.5
2024-06-06,1373.1,11295693.0,5496912.0,4794759.0,242257.29,174419.0,272897.0,3.5,3.502,113.84,115.91,125.47,29203500.0,168.5
2024-06-07,1371.5,11295693.0,5496912.0,4794759.0,242257.29,174419.0,272897.0,3.5,3.587,113.84,115.91,125.47,29203500.0,168.5
2024-06-08,1371.5,11295693.0,5496912.0,4794759.0,242257.29,174419.0,272897.0,3.5,3.587,113.84,115.91,125.47,29203500.0,168.5
2024-06-09,1371.5,11295693.0,5496912.0,4794759.0,242257.29,174419.0,272897.0,3.5,3.587,113.84,115.91,125.47,29203500.0,168.5
2024-06-10,1366.9,11295693.0,5496912.0,4794759.0,242257.29,174419.0,272897.0,3.5,3.599,113.84,115.91,125.47,29203500.0,168.5
2024-06-11,1377.9,11295693.0,5496912.0,4794759.0,242257.29,174419.0,272897.0,3.5,3.591,113.84,115.91,125.47,29203500.0,168.5
2024-06-12,1377.4,11295693.0,5496912.0,4794759.0,242257.29,174419.0,272897.0,3.5,3.556,113.84,115.91,125.47,29203500.0,168.5
2024-06-13,1377.8,11295693.0,5496912.0,4794759.0,242257.29,174419.0,272897.0,3.5,3.531,113.84,115.91,125.47,29203500.0,168.5
2024-06-14,1371.0,11295693.0,5496912.0,4794759.0,242257.29,174419.0,272897.0,3.5,3.503,113.84,115.91,125.47,29203500.0,168.5
2024-06-15,1371.0,11295693.0,5496912.0,4794759.0,242257.29,174419.0,272897.0,3.5,3.503,113.84,115.91,125.47,29203500.0,168.5
2024-06-16,1371.0,11295693.0,5496912.0,4794759.0,242257.29,174419.0,272897.0,3.5,3.503,113.84,115.91,125.47,29203500.0,168.5
2024-06-17,1377.7,11295693.0,5496912.0,4794759.0,242257.29,174419.0,272897.0,3.5,3.503,113.84,115.91,125.47,29203500.0,168.5
2024-06-18,1380.4,11295693.0,5496912.0,4794759.0,242257.29,174419.0,272897.0,3.5,3.506,113.84,115.91,125.47,29203500.0,168.5
2024-06-19,1380.5,11295693.0,5496912.0,4794759.0,242257.29,174419.0,272897.0,3.5,3.505,113.84,115.91,125.47,29203500.0,168.5
2024-06-20,1380.8,11295693.0,5496912.0,4794759.0,242257.29,174419.0,272897.0,3.5,3.519,113.84,115.91,125.47,29203500.0,168.5
2024-06-21,1383.8,11295693.0,5496912.0,4794759.0,242257.29,174419.0,272897.0,3.5,3.56,113.84,115.91,125.47,29203500.0,168.5
2024-06-22,1383.8,11295693.0,5496912.0,4794759.0,242257.29,174419.0,272897.0,3.5,3.56,113.84,115.91,125.47,29203500.0,168.5
2024-06-23,1383.8,11295693.0,5496912.0,4794759.0,242257.29,174419.0,272897.0,3.5,3.56,113.84,115.91,125.47,29203500.0,168.5
2024-06-24,1389.1,11295693.0,5496912.0,4794759.0,242257.29,174419.0,272897.0,3.5,3.554,113.84,115.91,125.47,29203500.0,168.5
2024-06-25,1389.7,11295693.0,5496912.0,4794759.0,242257.29,174419.0,272897.0,3.5,3.575,113.84,115.91,125.47,29203500.0,168.5
2024-06-26,1386.4,11295693.0,5496912.0,4794759.0,242257.29,174419.0,272897.0,3.5,3.552,113.84,115.91,125.47,29203500.0,168.5
2024-06-27,1390.1,11295693.0,5496912.0,4794759.0,242257.29,174419.0,272897.0,3.5,3.56,113.84,115.91,125.47,29203500.0,168.5
2024-06-28,1389.2,11295693.0,5496912.0,4794759.0,242257.29,174419.0,272897.0,3.5,3.591,113.84,115.91,125.47,29203500.0,168.5
2024-06-29,1389.2,11295693.0,5496912.0,4794759.0,242257.29,174419.0,272897.0,3.5,3.591,113.84,115.91,125.47,29203500.0,168.5
2024-06-30,1389.2,11295693.0,5496912.0,4794759.0,242257.29,174419.0,272897.0,3.5,3.591,113.84,115.91,125.47,29203500.0,168.5
2024-07-01,1382.4,10184399.0,7921852.0,4794759.0,242257.29,168769.0,296137.0,3.5,3.512,114.13,133.88,143.28,29203500.0,172.1
2024-07-02,1380.8,10184399.0,7921852.0,4794759.0,242257.29,168769.0,296137.0,3.5,3.483,114.13,133.88,143.28,29203500.0,172.1
2024-07-03,1387.4,10184399.0,7921852.0,4794759.0,242257.29,168769.0,296137.0,3.5,3.504,114.13,133.88,143.28,29203500.0,172.1
2024-07-04,1389.4,10184399.0,7921852.0,4794759.0,242257.29,168769.0,296137.0,3.5,3.514,114.13,133.88,143.28,29203500.0,172.1
2024-07-05,1381.9,10184399.0,7921852.0,4794759.0,242257.29,168769.0,296137.0,3.5,3.538,114.13,133.88,143.28,29203500.0,172.1
2024-07-06,1381.9,10184399.0,7921852.0,4794759.0,242257.29,168769.0,296137.0,3.5,3.538,114.13,133.88,143.28,29203500.0,172.1
2024-07-07,1381.9,10184399.0,7921852.0,4794759.0,242257.29,168769.0,296137.0,3.5,3.538,114.13,133.88,143.28,29203500.0,172.1
2024-07-08,1379.0,10184399.0,7921852.0,4794759.0,242257.29,168769.0,296137.0,3.5,3.498,114.13,133.88,143.28,29203500.0,172.1
2024-07-09,1379.4,10184399.0,7921852.0,4794759.0,242257.29,168769.0,296137.0,3.5,3.44,114.13,133.88,143.28,29203500.0,172.1
2024-07-10,1383.4,10184399.0,7921852.0,4794759.0,242257.29,168769.0,296137.0,3.5,3.475,114.13,133.88,143.28,29203500.0,172.1
2024-07-11,1385.6,10184399.0,7921852.0,4794759.0,242257.29,168769.0,296137.0,3.5,3.528,114.13,133.88,143.28,29203500.0,172.1
2024-07-12,1380.1,10184399.0,7921852.0,4794759.0,242257.29,168769.0,296137.0,3.5,3.528,114.13,133.88,143.28,29203500.0,172.1
2024-07-13,1380.1,10184399.0,7921852.0,4794759.0,242257.29,168769.0,296137.0,3.5,3.528,114.13,133.88,143.28,29203500.0,172.1
2024-07-14,1380.1,10184399.0,7921852.0,4794759.0,242257.29,168769.0,296137.0,3.5,3.528,114.13,133.88,143.28,29203500.0,172.1
2024-07-15,1376.3,10184399.0,7921852.0,4794759.0,242257.29,168769.0,296137.0,3.5,3.509,114.13,133.88,143.28,29203500.0,172.1
2024-07-16,1381.9,10184399.0,7921852.0,4794759.0,242257.29,168769.0,296137.0,3.5,3.483,114.13,133.88,143.28,29203500.0,172.1
2024-07-17,1386.0,10184399.0,7921852.0,4794759.0,242257.29,168769.0,296137.0,3.5,3.517,114.13,133.88,143.28,29203500.0,172.1
2024-07-18,1381.5,10184399.0,7921852.0,4794759.0,242257.29,168769.0,296137.0,3.5,3.523,114.13,133.88,143.28,29203500.0,172.1
2024-07-19,1379.9,10184399.0,7921852.0,4794759.0,242257.29,168769.0,296137.0,3.5,3.564,114.13,133.88,143.28,29203500.0,172.1
2024-07-20,1379.9,10184399.0,7921852.0,4794759.0,242257.29,168769.0,296137.0,3.5,3.564,114.13,133.88,143.28,29203500.0,172.1
2024-07-21,1379.9,10184399.0,7921852.0,4794759.0,242257.29,168769.0,296137.0,3.5,3.564,114.13,133.88,143.28,29203500.0,172.1
2024-07-22,1386.6,10184399.0,7921852.0,4794759.0,242257.29,168769.0,296137.0,3.5,3.51,114.13,133.88,143.28,29203500.0,172.1
2024-07-23,1388.6,10184399.0,7921852.0,4794759.0,242257.29,168769.0,296137.0,3.5,3.55,114.13,133.88,143.28,29203500.0,172.1
2024-07-24,1385.1,10184399.0,7921852.0,4794759.0,242257.29,168769.0,296137.0,3.5,3.526,114.13,133.88,143.28,29203500.0,172.1
2024-07-25,1385.1,10184399.0,7921852.0,4794759.0,242257.29,168769.0,296137.0,3.5,3.557,114.13,133.88,143.28,29203500.0,172.1
2024-07-26,1385.4,10184399.0,7921852.0,4794759.0,242257.29,168769.0,296137.0,3.5,3.541,114.13,133.88,143.28,29203500.0,172.1
2024-07-27,1385.4,10184399.0,7921852.0,4794759.0,242257.29,168769.0,296137.0,3.5,3.541,114.13,133.88,143.28,29203500.0,172.1
2024-07-28,1385.4,10184399.0,7921852.0,4794759.0,242257.29,168769.0,296137.0,3.5,3.541,114.13,133.88,143.28,29203500.0,172.1
2024-07-29,1385.4,10184399.0,7921852.0,4794759.0,242257.29,168769.0,296137.0,3.5,3.505,114.13,133.88,143.28,29203500.0,172.1
2024-07-30,1382.0,10184399.0,7921852.0,4794759.0,242257.29,168769.0,296137.0,3.5,3.513,114.13,133.88,143.28,29203500.0,172.1
2024-07-31,1384.6,10184399.0,7921852.0,4794759.0,242257.29,168769.0,296137.0,3.5,3.53,114.13,133.88,143.28,29203500.0,172.1
2024-08-01,1380.1,9937504.0,6257983.0,4794759.0,242257.29,180463.0,285744.0,3.5,3.512,114.54,130.08,138.23,29203500.0,174.3
2024-08-02,1365.9,9937504.0,6257983.0,4794759.0,242257.29,180463.0,285744.0,3.5,3.542,114.54,130.08,138.23,29203500.0,174.3
2024-08-03,1365.9,9937504.0,6257983.0,4794759.0,242257.29,180463.0,285744.0,3.5,3.542,114.54,130.08,138.23,29203500.0,174.3
2024-08-04,1365.9,9937504.0,6257983.0,4794759.0,242257.29,180463.0,285744.0,3.5,3.542,114.54,130.08,138.23,29203500.0,174.3
2024-08-05,1372.8,9937504.0,6257983.0,4794759.0,242257.29,180463.0,285744.0,3.5,3.545,114.54,130.08,138.23,29203500.0,174.3
2024-08-06,1360.6,9937504.0,6257983.0,4794759.0,242257.29,180463.0,285744.0,3.5,3.535,114.54,130.08,138.23,29203500.0,174.3
2024-08-07,1372.2,9937504.0,6257983.0,4794759.0,242257.29,180463.0,285744.0,3.5,3.487,114.54,130.08,138.23,29203500.0,174.3
2024-08-08,1376.4,9937504.0,6257983.0,4794759.0,242257.29,180463.0,285744.0,3.5,3.531,114.54,130.08,138.23,29203500.0,174.3
2024-08-09,1377.7,9937504.0,6257983.0,4794759.0,242257.29,180463.0,285744.0,3.5,3.531,114.54,130.08,138.23,29203500.0,174.3
2024-08-10,1377.7,9937504.0,6257983.0,4794759.0,242257.29,180463.0,285744.0,3.5,3.531,114.54,130.08,138.23,29203500.0,174.3
2024-08-11,1377.7,9937504.0,6257983.0,4794759.0,242257.29,180463.0,285744.0,3.5,3.531,114.54,130.08,138.23,29203500.0,174.3
2024-08-12,1369.4,9937504.0,6257983.0,4794759.0,242257.29,180463.0,285744.0,3.5,3.534,114.54,130.08,138.23,29203500.0,174.3
2024-08-13,1367.7,9937504.0,6257983.0,4794759.0,242257.29,180463.0,285744.0,3.5,3.579,114.54,130.08,138.23,29203500.0,174.3
2024-08-14,1370.3,9937504.0,6257983.0,4794759.0,242257.29,180463.0,285744.0,3.5,3.561,114.54,130.08,138.23,29203500.0,174.3
2024-08-15,1370.3,9937504.0,6257983.0,4794759.0,242257.29,180463.0,285744.0,3.5,3.561,114.54,130.08,138.23,29203500.0,174.3
2024-08-16,1361.4,9937504.0,6257983.0,4794759.0,242257.29,180463.0,285744.0,3.5,3.554,114.54,130.08,138.23,29203500.0,174.3
2024-08-17,1361.4,9937504.0,6257983.0,4794759.0,242257.29,180463.0,285744.0,3.5,3.554,114.54,130.08,138.23,29203500.0,174.3
2024-08-18,1361.4,9937504.0,6257983.0,4794759.0,242257.29,180463.0,285744.0,3.5,3.554,114.54,130.08,138.23,29203500.0,174.3
2024-08-19,1360.1,9937504.0,6257983.0,4794759.0,242257.29,180463.0,285744.0,3.5,3.538,114.54,130.08,138.23,29203500.0,174.3
2024-08-20,1337.8,9937504.0,6257983.0,4794759.0,242257.29,180463.0,285744.0,3.5,3.523,114.54,130.08,138.23,29203500.0,174.3
2024-08-21,1332.0,9937504.0,6257983.0,4794759.0,242257.29,180463.0,285744.0,3.5,3.536,114.54,130.08,138.23,29203500.0,174.3
2024-08-22,1332.4,9937504.0,6257983.0,4794759.0,242257.29,180463.0,285744.0,3.5,3.538,114.54,130.08,138.23,29203500.0,174.3
2024-08-23,1335.9,9937504.0,6257983.0,4794759.0,242257.29,180463.0,285744.0,3.5,3.523,114.54,130.08,138.23,29203500.0,174.3
2024-08-24,1335.9,9937504.0,6257983.0,4794759.0,242257.29,180463.0,285744.0,3.5,3.523,114.54,130.08,138.23,29203500.0,174.3
2024-08-25,1335.9,9937504.0,6257983.0,4794759.0,242257.29,180463.0,285744.0,3.5,3.523,114.54,130.08,138.23,29203500.0,174.3
2024-08-26,1340.1,9937504.0,6257983.0,4794759.0,242257.29,180463.0,285744.0,3.5,3.528,114.54,130.08,138.23,29203500.0,174.3
2024-08-27,1323.9,9937504.0,6257983.0,4794759.0,242257.29,180463.0,285744.0,3.5,3.509,114.54,130.08,138.23,29203500.0,174.3
2024-08-28,1330.4,9937504.0,6257983.0,4794759.0,242257.29,180463.0,285744.0,3.5,3.505,114.54,130.08,138.23,29203500.0,174.3
2024-08-29,1334.7,9937504.0,6257983.0,4794759.0,242257.29,180463.0,285744.0,3.5,3.503,114.54,130.08,138.23,29203500.0,174.3
2024-08-30,1335.3,9937504.0,6257983.0,4794759.0,242257.29,180463.0,285744.0,3.5,3.543,114.54,130.08,138.23,29203500.0,174.3
2024-08-31,1335.3,9937504.0,6257983.0,4794759.0,242257.29,180463.0,285744.0,3.5,3.543,114.54,130.08,138.23,29203500.0,174.3
2024-09-01,1335.3,10411877.0,5457525.0,4794759.0,242257.29,171427.0,294351.0,3.5,3.543,114.65,126.77,134.67,29203500.0,179.7
2024-09-02,1334.8,10411877.0,5457525.0,4794759.0,242257.29,171427.0,294351.0,3.5,3.521,114.65,126.77,134.67,29203500.0,179.7
2024-09-03,1338.8,10411877.0,5457525.0,4794759.0,242257.29,171427.0,294351.0,3.5,3.507,114.65,126.77,134.67,29203500.0,179.7
2024-09-04,1341.0,10411877.0,5457525.0,4794759.0,242257.29,171427.0,294351.0,3.5,3.521,114.65,126.77,134.67,29203500.0,179.7
2024-09-05,1342.0,10411877.0,5457525.0,4794759.0,242257.29,171427.0,294351.0,3.5,3.546,114.65,126.77,134.67,29203500.0,179.7
2024-09-06,1335.8,10411877.0,5457525.0,4794759.0,242257.29,171427.0,294351.0,3.5,3.555,114.65,126.77,134.67,29203500.0,179.7
2024-09-07,1335.8,10411877.0,5457525.0,4794759.0,242257.29,171427.0,294351.0,3.5,3.555,114.65,126.77,134.67,29203500.0,179.7
2024-09-08,1335.8,10411877.0,5457525.0,4794759.0,242257.29,171427.0,294351.0,3.5,3.555,114.65,126.77,134.67,29203500.0,179.7
2024-09-09,1330.4,10411877.0,5457525.0,4794759.0,242257.29,171427.0,294351.0,3.5,3.562,114.65,126.77,134.67,29203500.0,179.7
2024-09-10,1339.5,10411877.0,5457525.0,4794759.0,242257.29,171427.0,294351.0,3.5,3.42,114.65,126.77,134.67,29203500.0,179.7
2024-09-11,1344.3,10411877.0,5457525.0,4794759.0,242257.29,171427.0,294351.0,3.5,3.48,114.65,126.77,134.67,29203500.0,179.7
2024-09-12,1340.3,10411877.0,5457525.0,4794759.0,242257.29,171427.0,294351.0,3.5,3.578,114.65,126.77,134.67,29203500.0,179.7
2024-09-13,1339.6,10411877.0,5457525.0,4794759.0,242257.29,171427.0,294351.0,3.5,3.538,114.65,126.77,134.67,29203500.0,179.7
2024-09-14,1339.6,10411877.0,5457525.0,4794759.0,242257.29,171427.0,294351.0,3.5,3.538,114.65,126.77,134.67,29203500.0,179.7
2024-09-15,1339.6,10411877.0,5457525.0,4794759.0,242257.29,171427.0,294351.0,3.5,3.538,114.65,126.77,134.67,29203500.0,179.7
2024-09-16,1339.6,10411877.0,5457525.0,4794759.0,242257.29,171427.0,294351.0,3.5,3.538,114.65,126.77,134.67,29203500.0,179.7
2024-09-17,1339.6,10411877.0,5457525.0,4794759.0,242257.29,171427.0,294351.0,3.5,3.538,114.65,126.77,134.67,29203500.0,179.7
2024-09-18,1339.6,10411877.0,5457525.0,4794759.0,242257.29,171427.0,294351.0,3.5,3.538,114.65,126.77,134.67,29203500.0,179.7
2024-09-19,1331.0,10411877.0,5457525.0,4794759.0,242257.29,171427.0,294351.0,3.5,3.517,114.65,126.77,134.67,29203500.0,179.7
2024-09-20,1331.8,10411877.0,5457525.0,4794759.0,242257.29,171427.0,294351.0,3.5,3.505,114.65,126.77,134.67,29203500.0,179.7
2024-09-21,1331.8,10411877.0,5457525.0,4794759.0,242257.29,171427.0,294351.0,3.5,3.505,114.65,126.77,134.67,29203500.0,179.7
2024-09-22,1331.8,10411877.0,5457525.0,4794759.0,242257.29,171427.0,294351.0,3.5,3.505,114.65,126.77,134.67,29203500.0,179.7
2024-09-23,1329.9,10411877.0,5457525.0,4794759.0,242257.29,171427.0,294351.0,3.5,3.499,114.65,126.77,134.67,29203500.0,179.7
2024-09-24,1335.5,10411877.0,5457525.0,4794759.0,242257.29,171427.0,294351.0,3.5,3.509,114.65,126.77,134.67,29203500.0,179.7
2024-09-25,1334.3,10411877.0,5457525.0,4794759.0,242257.29,171427.0,294351.0,3.5,3.509,114.65,126.77,134.67,29203500.0,179.7
2024-09-26,1328.4,10411877.0,5457525.0,4794759.0,242257.29,171427.0,294351.0,3.5,3.531,114.65,126.77,134.67,29203500.0,179.7
2024-09-27,1329.7,10411877.0,5457525.0,4794759.0,242257.29,171427.0,294351.0,3.5,3.535,114.65,126.77,134.67,29203500.0,179.7
2024-09-28,1329.7,10411877.0,5457525.0,4794759.0,242257.29,171427.0,294351.0,3.5,3.535,114.65,126.77,134.67,29203500.0,179.7
2024-09-29,1329.7,10411877.0,5457525.0,4794759.0,242257.29,171427.0,294351.0,3.5,3.535,114.65,126.77,134.67,29203500.0,179.7
2024-09-30,1319.6,10411877.0,5457525.0,4794759.0,242257.29,171427.0,294351.0,3.5,3.602,114.65,126.77,134.67,29203500.0,179.7
2024-10-01,1319.6,10394328.0,5968731.0,4794759.0,242257.29,177610.0,297007.0,3.5,3.602,114.69,111.36,119.19,29203500.0,183.3
2024-10-02,1306.9,10394328.0,5968731.0,4794759.0,242257.29,177610.0,297007.0,3.5,3.51,114.69,111.36,119.19,29203500.0,183.3
2024-10-03,1306.9,10394328.0,5968731.0,4794759.0,242257.29,177610.0,297007.0,3.5,3.51,114.69,111.36,119.19,29203500.0,183.3
2024-10-04,1320.1,10394328.0,5968731.0,4794759.0,242257.29,177610.0,297007.0,3.5,3.494,114.69,111.36,119.19,29203500.0,183.3
2024-10-05,1320.1,10394328.0,5968731.0,4794759.0,242257.29,177610.0,297007.0,3.5,3.494,114.69,111.36,119.19,29203500.0,183.3
2024-10-06,1320.1,10394328.0,5968731.0,4794759.0,242257.29,177610.0,297007.0,3.5,3.494,114.69,111.36,119.19,29203500.0,183.3
2024-10-07,1333.3,10394328.0,5968731.0,4794759.0,242257.29,177610.0,297007.0,3.5,3.473,114.69,111.36,119.19,29203500.0,183.3
2024-10-08,1346.5,10394328.0,5968731.0,4794759.0,242257.29,177610.0,297007.0,3.5,3.483,114.69,111.36,119.19,29203500.0,183.3
2024-10-09,1346.5,10394328.0,5968731.0,4794759.0,242257.29,177610.0,297007.0,3.5,3.483,114.69,111.36,119.19,29203500.0,183.3
2024-10-10,1347.8,10394328.0,5968731.0,4794759.0,242257.29,177610.0,297007.0,3.5,3.517,114.69,111.36,119.19,29203500.0,183.3
2024-10-11,1349.4,10394328.0,5968731.0,4794759.0,242257.29,177610.0,297007.0,3.25,3.312,114.69,111.36,119.19,29203500.0,183.3
2024-10-12,1349.4,10394328.0,5968731.0,4794759.0,242257.29,177610.0,297007.0,3.25,3.312,114.69,111.36,119.19,29203500.0,183.3
2024-10-13,1349.4,10394328.0,5968731.0,4794759.0,242257.29,177610.0,297007.0,3.25,3.312,114.69,111.36,119.19,29203500.0,183.3
2024-10-14,1348.6,10394328.0,5968731.0,4794759.0,242257.29,177610.0,297007.0,3.25,3.306,114.69,111.36,119.19,29203500.0,183.3
2024-10-15,1354.9,10394328.0,5968731.0,4794759.0,242257.29,177610.0,297007.0,3.25,3.291,114.69,111.36,119.19,29203500.0,183.3
2024-10-16,1360.4,10394328.0,5968731.0,4794759.0,242257.29,177610.0,297007.0,3.25,3.282,114.69,111.36,119.19,29203500.0,183.3
2024-10-17,1363.7,10394328.0,5968731.0,4794759.0,242257.29,177610.0,297007.0,3.25,3.278,114.69,111.36,119.19,29203500.0,183.3
2024-10-18,1366.5,10394328.0,5968731.0,4794759.0,242257.29,177610.0,297007.0,3.25,3.278,114.69,111.36,119.19,29203500.0,183.3
2024-10-19,1366.5,10394328.0,5968731.0,4794759.0,242257.29,177610.0,297007.0,3.25,3.278,114.69,111.36,119.19,29203500.0,183.3
2024-10-20,1366.5,10394328.0,5968731.0,4794759.0,242257.29,177610.0,297007.0,3.25,3.278,114.69,111.36,119.19,29203500.0,183.3
2024-10-21,1371.1,10394328.0,5968731.0,4794759.0,242257.29,177610.0,297007.0,3.25,3.264,114.69,111.36,119.19,29203500.0,183.3
2024-10-22,1370.4,10394328.0,5968731.0,4794759.0,242257.29,177610.0,297007.0,3.25,3.266,114.69,111.36,119.19,29203500.0,183.3
2024-10-23,1380.1,10394328.0,5968731.0,4794759.0,242257.29,177610.0,297007.0,3.25,3.269,114.69,111.36,119.19,29203500.0,183.3
2024-10-24,1382.0,10394328.0,5968731.0,4794759.0,242257.29,177610.0,297007.0,3.25,3.276,114.69,111.36,119.19,29203500.0,183.3
2024-10-25,1380.5,10394328.0,5968731.0,4794759.0,242257.29,177610.0,297007.0,3.25,3.283,114.69,111.36,119.19,29203500.0,183.3
2024-10-26,1380.5,10394328.0,5968731.0,4794759.0,242257.29,177610.0,297007.0,3.25,3.283,114.69,111.36,119.19,29203500.0,183.3
2024-10-27,1380.5,10394328.0,5968731.0,4794759.0,242257.29,177610.0,297007.0,3.25,3.283,114.69,111.36,119.19,29203500.0,183.3
2024-10-28,1384.4,10394328.0,5968731.0,4794759.0,242257.29,177610.0,297007.0,3.25,3.277,114.69,111.36,119.19,29203500.0,183.3
2024-10-29,1387.0,10394328.0,5968731.0,4794759.0,242257.29,177610.0,297007.0,3.25,3.263,114.69,111.36,119.19,29203500.0,183.3
2024-10-30,1383.1,10394328.0,5968731.0,4794759.0,242257.29,177610.0,297007.0,3.25,3.265,114.69,111.36,119.19,29203500.0,183.3
2024-10-31,1383.3,10394328.0,5968731.0,4794759.0,242257.29,177610.0,297007.0,3.25,3.285,114.69,111.36,119.19,29203500.0,183.3
2024-11-01,1379.3,10370481.0,5438200.0,4794759.0,242257.29,174405.0,281942.0,3.25,3.232,114.4,130.57,138.8,29203500.0,186.0
2024-11-02,1379.3,10370481.0,5438200.0,4794759.0,242257.29,174405.0,281942.0,3.25,3.232,114.4,130.57,138.8,29203500.0,186.0
2024-11-03,1379.3,10370481.0,5438200.0,4794759.0,242257.29,174405.0,281942.0,3.25,3.232,114.4,130.57,138.8,29203500.0,186.0
2024-11-04,1377.9,10370481.0,5438200.0,4794759.0,242257.29,174405.0,281942.0,3.25,3.228,114.4,130.57,138.8,29203500.0,186.0
2024-11-05,1371.3,10370481.0,5438200.0,4794759.0,242257.29,174405.0,281942.0,3.25,3.192,114.4,130.57,138.8,29203500.0,186.0
2024-11-06,1377.8,10370481.0,5438200.0,4794759.0,242257.29,174405.0,281942.0,3.25,3.236,114.4,130.57,138.8,29203500.0,186.0
2024-11-07,1391.5,10370481.0,5438200.0,4794759.0,242257.29,174405.0,281942.0,3.25,3.258,114.4,130.57,138.8,29203500.0,186.0
2024-11-08,1399.1,10370481.0,5438200.0,4794759.0,242257.29,174405.0,281942.0,3.25,3.273,114.4,130.57,138.8,29203500.0,186.0
2024-11-09,1399.1,10370481.0,5438200.0,4794759.0,242257.29,174405.0,281942.0,3.25,3.273,114.4,130.57,138.8,29203500.0,186.0
2024-11-10,1399.1,10370481.0,5438200.0,4794759.0,242257.29,174405.0,281942.0,3.25,3.273,114.4,130.57,138.8,29203500.0,186.0
2024-11-11,1385.4,10370481.0,5438200.0,4794759.0,242257.29,174405.0,281942.0,3.25,3.277,114.4,130.57,138.8,29203500.0,186.0
2024-11-12,1395.3,10370481.0,5438200.0,4794759.0,242257.29,174405.0,281942.0,3.25,3.273,114.4,130.57,138.8,29203500.0,186.0
2024-11-13,1401.1,10370481.0,5438200.0,4794759.0,242257.29,174405.0,281942.0,3.25,3.276,114.4,130.57,138.8,29203500.0,186.0
2024-11-14,1407.3,10370481.0,5438200.0,4794759.0,242257.29,174405.0,281942.0,3.25,3.266,114.4,130.57,138.8,29203500.0,186.0
2024-11-15,1406.4,10370481.0,5438200.0,4794759.0,242257.29,174405.0,281942.0,3.25,3.264,114.4,130.57,138.8,29203500.0,186.0
2024-11-16,1406.4,10370481.0,5438200.0,4794759.0,242257.29,174405.0,281942.0,3.25,3.264,114.4,130.57,138.8,29203500.0,186.0
2024-11-17,1406.4,10370481.0,5438200.0,4794759.0,242257.29,174405.0,281942.0,3.25,3.264,114.4,130.57,138.8,29203500.0,186.0
2024-11-18,1402.8,10370481.0,5438200.0,4794759.0,242257.29,174405.0,281942.0,3.25,3.267,114.4,130.57,138.8,29203500.0,186.0
2024-11-19,1392.6,10370481.0,5438200.0,4794759.0,242257.29,174405.0,281942.0,3.25,3.262,114.4,130.57,138.8,29203500.0,186.0
2024-11-20,1392.0,10370481.0,5438200.0,4794759.0,242257.29,174405.0,281942.0,3.25,3.266,114.4,130.57,138.8,29203500.0,186.0
2024-11-21,1391.6,10370481.0,5438200.0,4794759.0,242257.29,174405.0,281942.0,3.25,3.271,114.4,130.57,138.8,29203500.0,186.0
2024-11-22,1398.1,10370481.0,5438200.0,4794759.0,242257.29,174405.0,281942.0,3.25,3.285,114.4,130.57,138.8,29203500.0,186.0
2024-11-23,1398.1,10370481.0,5438200.0,4794759.0,242257.29,174405.0,281942.0,3.25,3.285,114.4,130.57,138.8,29203500.0,186.0
2024-11-24,1398.1,10370481.0,5438200.0,4794759.0,242257.29,174405.0,281942.0,3.25,3.285,114.4,130.57,138.8,29203500.0,186.0
2024-11-25,1400.5,10370481.0,5438200.0,4794759.0,242257.29,174405.0,281942.0,3.25,3.29,114.4,130.57,138.8,29203500.0,186.0
2024-11-26,1398.2,10370481.0,5438200.0,4794759.0,242257.29,174405.0,281942.0,3.25,3.267,114.4,130.57,138.8,29203500.0,186.0
2024-11-27,1401.2,10370481.0,5438200.0,4794759.0,242257.29,174405.0,281942.0,3.25,3.263,114.4,130.57,138.8,29203500.0,186.0
2024-11-28,1396.8,10370481.0,5438200.0,4794759.0,242257.29,174405.0,281942.0,3.0,3.057,114.4,130.57,138.8,29203500.0,186.0
2024-11-29,1394.7,10370481.0,5438200.0,4794759.0,242257.29,174405.0,281942.0,3.0,3.065,114.4,130.57,138.8,29203500.0,186.0
2024-11-30,1394.7,10370481.0,5438200.0,4794759.0,242257.29,174405.0,281942.0,3.0,3.065,114.4,130.57,138.8,29203500.0,186.0
2024-12-01,1394.7,11893820.0,5476550.0,4794759.0,242257.29,166023.0,292593.0,3.0,3.065,114.91,133.56,141.98,29203500.0,183.5
2024-12-02,1395.1,11893820.0,5476550.0,4794759.0,242257.29,166023.0,292593.0,3.0,3.033,114.91,133.56,141.98,29203500.0,183.5
2024-12-03,1402.0,11893820.0,5476550.0,4794759.0,242257.29,166023.0,292593.0,3.0,3.02,114.91,133.56,141.98,29203500.0,183.5
2024-12-04,1403.4,11893820.0,5476550.0,4794759.0,242257.29,166023.0,292593.0,3.0,3.038,114.91,133.56,141.98,29203500.0,183.5
2024-12-05,1413.0,11893820.0,5476550.0,4794759.0,242257.29,166023.0,292593.0,3.0,3.011,114.91,133.56,141.98,29203500.0,183.5
2024-12-06,1414.9,11893820.0,5476550.0,4794759.0,242257.29,166023.0,292593.0,3.0,3.024,114.91,133.56,141.98,29203500.0,183.5
2024-12-07,1414.9,11893820.0,5476550.0,4794759.0,242257.29,166023.0,292593.0,3.0,3.024,114.91,133.56,141.98,29203500.0,183.5
2024-12-08,1414.9,11893820.0,5476550.0,4794759.0,242257.29,166023.0,292593.0,3.0,3.024,114.91,133.56,141.98,29203500.0,183.5
2024-12-09,1419.4,11893820.0,5476550.0,4794759.0,242257.29,166023.0,292593.0,3.0,3.022,114.91,133.56,141.98,29203500.0,183.5
2024-12-10,1433.2,11893820.0,5476550.0,4794759.0,242257.29,166023.0,292593.0,3.0,2.948,114.91,133.56,141.98,29203500.0,183.5
2024-12-11,1428.1,11893820.0,5476550.0,4794759.0,242257.29,166023.0,292593.0,3.0,2.984,114.91,133.56,141.98,29203500.0,183.5
2024-12-12,1431.4,11893820.0,5476550.0,4794759.0,242257.29,166023.0,292593.0,3.0,3.022,114.91,133.56,141.98,29203500.0,183.5
2024-12-13,1431.5,11893820.0,5476550.0,4794759.0,242257.29,166023.0,292593.0,3.0,3.019,114.91,133.56,141.98,29203500.0,183.5
2024-12-14,1431.5,11893820.0,5476550.0,4794759.0,242257.29,166023.0,292593.0,3.0,3.019,114.91,133.56,141.98,29203500.0,183.5
2024-12-15,1431.5,11893820.0,5476550.0,4794759.0,242257.29,166023.0,292593.0,3.0,3.019,114.91,133.56,141.98,29203500.0,183.5
2024-12-16,1432.7,11893820.0,5476550.0,4794759.0,242257.29,166023.0,292593.0,3.0,3.022,114.91,133.56,141.98,29203500.0,183.5
2024-12-17,1434.9,11893820.0,5476550.0,4794759.0,242257.29,166023.0,292593.0,3.0,3.011,114.91,133.56,141.98,29203500.0,183.5
2024-12-18,1436.6,11893820.0,5476550.0,4794759.0,242257.29,166023.0,292593.0,3.0,3.018,114.91,133.56,141.98,29203500.0,183.5
2024-12-19,1436.8,11893820.0,5476550.0,4794759.0,242257.29,166023.0,292593.0,3.0,3.034,114.91,133.56,141.98,29203500.0,183.5
2024-12-20,1449.7,11893820.0,5476550.0,4794759.0,242257.29,166023.0,292593.0,3.0,3.104,114.91,133.56,141.98,29203500.0,183.5
2024-12-21,1449.7,11893820.0,5476550.0,4794759.0,242257.29,166023.0,292593.0,3.0,3.104,114.91,133.56,141.98,29203500.0,183.5
2024-12-22,1449.7,11893820.0,5476550.0,4794759.0,242257.29,166023.0,292593.0,3.0,3.104,114.91,133.56,141.98,29203500.0,183.5
2024-12-23,1450.3,11893820.0,5476550.0,4794759.0,242257.29,166023.0,292593.0,3.0,3.103,114.91,133.56,141.98,29203500.0,183.5
2024-12-24,1449.3,11893820.0,5476550.0,4794759.0,242257.29,166023.0,292593.0,3.0,3.067,114.91,133.56,141.98,29203500.0,183.5
2024-12-25,1449.3,11893820.0,5476550.0,4794759.0,242257.29,166023.0,292593.0,3.0,3.067,114.91,133.56,141.98,29203500.0,183.5
2024-12-26,1453.6,11893820.0,5476550.0,4794759.0,242257.29,166023.0,292593.0,3.0,3.16,114.91,133.56,141.98,29203500.0,183.5
2024-12-27,1462.9,11893820.0,5476550.0,4794759.0,242257.29,166023.0,292593.0,3.0,3.1,114.91,133.56,141.98,29203500.0,183.5
2024-12-28,1462.9,11893820.0,5476550.0,4794759.0,242257.29,166023.0,292593.0,3.0,3.1,114.91,133.56,141.98,29203500.0,183.5
2024-12-29,1462.9,11893820.0,5476550.0,4794759.0,242257.29,166023.0,292593.0,3.0,3.1,114.91,133.56,141.98,29203500.0,183.5
2024-12-30,1474.1,11893820.0,5476550.0,4794759.0,242257.29,166023.0,292593.0,3.0,3.06,114.91,133.56,141.98,29203500.0,183.5
2024-12-31,1470.0,11893820.0,5476550.0,4794759.0,242257.29,166023.0,292593.0,3.0,3.327,114.91,133.56,141.98,29203500.0,183.5
