date,value_902Y016_gdp_us,value_902Y015,value_902Y023,value_731Y001_usdkrw,value_403Y001_export_index_total
2020-01-01,,,,,
2020-01-02,,,,1157.8,
2020-01-03,,,,1156.9,
2020-01-04,,,,,
2020-01-05,,,,,
2020-01-06,,,,1162.7,
2020-01-07,,,,1169.6,
2020-01-08,,,,1165.3,
2020-01-09,,,,1174.1,
2020-01-10,,,,1160.0,
2020-01-11,,,,,
2020-01-12,,,,,
2020-01-13,,,,1161.1,
2020-01-14,,,,1155.7,
2020-01-15,,,,1153.1,
2020-01-16,,,,1158.8,
2020-01-17,,,,1159.6,
2020-01-18,,,,,
2020-01-19,,,,,
2020-01-20,,,,1158.8,
2020-01-21,,,,1158.8,
2020-01-22,,,,1164.7,
2020-01-23,,,,1165.1,
2020-01-24,,,,,
2020-01-25,,,,,
2020-01-26,,,,,
2020-01-27,,,,,
2020-01-28,,,,1167.2,
2020-01-29,,,,1176.7,
2020-01-30,,,,1176.0,
2020-01-31,,,,1183.5,97.78
2020-02-01,,,,,97.78
2020-02-02,,,,,97.78
2020-02-03,,,,1187.8,97.78
2020-02-04,,,,1196.0,97.78
2020-02-05,,,,1189.4,97.78
2020-02-06,,,,1188.5,97.78
2020-02-07,,,,1181.4,97.78
2020-02-08,,,,,97.78
2020-02-09,,,,,97.78
2020-02-10,,,,1187.2,97.78
2020-02-11,,,,1189.8,97.78
2020-02-12,,,,1184.1,97.78
2020-02-13,,,,1179.8,97.78
2020-02-14,,,,1181.5,97.78
2020-02-15,,,,,97.78
2020-02-16,,,,,97.78
2020-02-17,,,,1183.5,97.78
2020-02-18,,,,1182.2,97.78
2020-02-19,,,,1188.1,97.78
2020-02-20,,,,1190.8,97.78
2020-02-21,,,,1197.0,97.78
2020-02-22,,,,,97.78
2020-02-23,,,,,97.78
2020-02-24,,,,1205.6,97.78
2020-02-25,,,,1217.7,97.78
2020-02-26,,,,1212.7,97.78
2020-02-27,,,,1216.8,97.78
2020-02-28,,,,1215.9,97.78
2020-02-29,,,,,96.15
2020-03-01,,,,,96.15
2020-03-02,,,,1215.3,96.15
2020-03-03,,,,1200.3,96.15
2020-03-04,,,,1191.4,96.15
2020-03-05,,,,1186.4,96.15
2020-03-06,,,,1185.0,96.15
2020-03-07,,,,,96.15
2020-03-08,,,,,96.15
2020-03-09,,,,1191.4,96.15
2020-03-10,,,,1201.4,96.15
2020-03-11,,,,1196.7,96.15
2020-03-12,,,,1192.8,96.15
2020-03-13,,,,1202.0,96.15
2020-03-14,,,,,96.15
2020-03-15,,,,,96.15
2020-03-16,,,,1222.2,96.15
2020-03-17,,,,1219.6,96.15
2020-03-18,,,,1241.2,96.15
2020-03-19,,,,1237.8,96.15
2020-03-20,,,,1280.1,96.15
2020-03-21,,,,,96.15
2020-03-22,,,,,96.15
2020-03-23,,,,1254.1,96.15
2020-03-24,,,,1274.6,96.15
2020-03-25,,,,1256.0,96.15
2020-03-26,,,,1230.7,96.15
2020-03-27,,,,1227.9,96.15
2020-03-28,,,,,96.15
2020-03-29,,,,,96.15
2020-03-30,,,,1212.4,96.15
2020-03-31,,,,1222.6,108.98
2020-04-01,,,,1220.0,108.98
2020-04-02,,,,1222.2,108.98
2020-04-03,,,,1237.6,108.98
2020-04-04,,,,,108.98
2020-04-05,,,,,108.98
2020-04-06,,,,1229.8,108.98
2020-04-07,,,,1233.4,108.98
2020-04-08,,,,1222.4,108.98
2020-04-09,,,,1219.7,108.98
2020-04-10,,,,1216.4,108.98
2020-04-11,,,,,108.98
2020-04-12,,,,,108.98
2020-04-13,,,,1212.3,108.98
2020-04-14,,,,1218.7,108.98
2020-04-15,,,,,108.98
2020-04-16,,,,1216.7,108.98
2020-04-17,,,,1227.5,108.98
2020-04-18,,,,,108.98
2020-04-19,,,,,108.98
2020-04-20,,,,1219.3,108.98
2020-04-21,,,,1218.7,108.98
2020-04-22,,,,1231.3,108.98
2020-04-23,,,,1235.2,108.98
2020-04-24,,,,1232.0,108.98
2020-04-25,,,,,108.98
2020-04-26,,,,,108.98
2020-04-27,,,,1235.8,108.98
2020-04-28,,,,1230.3,108.98
2020-04-29,,,,1225.2,108.98
2020-04-30,,,,,85.86
2020-05-01,,,,,85.86
2020-05-02,,,,,85.86
2020-05-03,,,,,85.86
2020-05-04,,,,1218.5,85.86
2020-05-05,,,,,85.86
2020-05-06,,,,1227.8,85.86
2020-05-07,,,,1223.3,85.86
2020-05-08,,,,1226.5,85.86
2020-05-09,,,,,85.86
2020-05-10,,,,,85.86
2020-05-11,,,,1217.7,85.86
2020-05-12,,,,1217.8,85.86
2020-05-13,,,,1226.7,85.86
2020-05-14,,,,1226.3,85.86
2020-05-15,,,,1227.9,85.86
2020-05-16,,,,,85.86
2020-05-17,,,,,85.86
2020-05-18,,,,1229.3,85.86
2020-05-19,,,,1231.6,85.86
2020-05-20,,,,1224.5,85.86
2020-05-21,,,,1227.8,85.86
2020-05-22,,,,1230.7,85.86
2020-05-23,,,,,85.86
2020-05-24,,,,,85.86
2020-05-25,,,,1236.2,85.86
2020-05-26,,,,1242.0,85.86
2020-05-27,,,,1237.1,85.86
2020-05-28,,,,1233.7,85.86
2020-05-29,,,,1239.4,85.86
2020-05-30,,,,,85.86
2020-05-31,,,,,81.1
2020-06-01,,,,1237.6,81.1
2020-06-02,,,,1227.8,81.1
2020-06-03,,,,1224.1,81.1
2020-06-04,,,,1216.9,81.1
2020-06-05,,,,1217.4,81.1
2020-06-06,,,,,81.1
2020-06-07,,,,,81.1
2020-06-08,,,,1213.1,81.1
2020-06-09,,,,1204.2,81.1
2020-06-10,,,,1197.7,81.1
2020-06-11,,,,1194.4,81.1
2020-06-12,,,,1192.8,81.1
2020-06-13,,,,,81.1
2020-06-14,,,,,81.1
2020-06-15,,,,1206.6,81.1
2020-06-16,,,,1210.8,81.1
2020-06-17,,,,1206.6,81.1
2020-06-18,,,,1214.5,81.1
2020-06-19,,,,1213.0,81.1
2020-06-20,,,,,81.1
2020-06-21,,,,,81.1
2020-06-22,,,,1212.0,81.1
2020-06-23,,,,1213.2,81.1
2020-06-24,,,,1210.1,81.1
2020-06-25,,,,1202.9,81.1
2020-06-26,,,,1205.2,81.1
2020-06-27,,,,,81.1
2020-06-28,,,,,81.1
2020-06-29,,,,1198.6,81.1
2020-06-30,,,,1200.7,91.64
2020-07-01,,,,1198.5,91.64
2020-07-02,,,,1201.6,91.64
2020-07-03,,,,1201.0,91.64
2020-07-04,,,,,91.64
2020-07-05,,,,,91.64
2020-07-06,,,,1200.4,91.64
2020-07-07,,,,1196.8,91.64
2020-07-08,,,,1192.9,91.64
2020-07-09,,,,1195.8,91.64
2020-07-10,,,,1194.5,91.64
2020-07-11,,,,,91.64
2020-07-12,,,,,91.64
2020-07-13,,,,1202.4,91.64
2020-07-14,,,,1200.3,91.64
2020-07-15,,,,1206.4,91.64
2020-07-16,,,,1200.7,91.64
2020-07-17,,,,1204.1,91.64
2020-07-18,,,,,91.64
2020-07-19,,,,,91.64
2020-07-20,,,,1205.7,91.64
2020-07-21,,,,1203.7,91.64
2020-07-22,,,,1198.1,91.64
2020-07-23,,,,1193.7,91.64
2020-07-24,,,,1198.5,91.64
2020-07-25,,,,,91.64
2020-07-26,,,,,91.64
2020-07-27,,,,1201.3,91.64
2020-07-28,,,,1196.6,91.64
2020-07-29,,,,1195.1,91.64
2020-07-30,,,,1195.2,91.64
2020-07-31,,,,1191.4,99.41
2020-08-01,,,,,99.41
2020-08-02,,,,,99.41
2020-08-03,,,,1189.1,99.41
2020-08-04,,,,1193.7,99.41
2020-08-05,,,,1193.5,99.41
2020-08-06,,,,1190.3,99.41
2020-08-07,,,,1184.3,99.41
2020-08-08,,,,,99.41
2020-08-09,,,,,99.41
2020-08-10,,,,1185.9,99.41
2020-08-11,,,,1186.7,99.41
2020-08-12,,,,1184.9,99.41
2020-08-13,,,,1186.0,99.41
2020-08-14,,,,1183.6,99.41
2020-08-15,,,,,99.41
2020-08-16,,,,,99.41
2020-08-17,,,,,99.41
2020-08-18,,,,1185.8,99.41
2020-08-19,,,,1185.1,99.41
2020-08-20,,,,1182.3,99.41
2020-08-21,,,,1186.3,99.41
2020-08-22,,,,,99.41
2020-08-23,,,,,99.41
2020-08-24,,,,1185.3,99.41
2020-08-25,,,,1190.0,99.41
2020-08-26,,,,1186.3,99.41
2020-08-27,,,,1187.0,99.41
2020-08-28,,,,1185.7,99.41
2020-08-29,,,,,99.41
2020-08-30,,,,,99.41
2020-08-31,,,,1185.1,93.29
2020-09-01,,,,1183.3,93.29
2020-09-02,,,,1184.6,93.29
2020-09-03,,,,1186.2,93.29
2020-09-04,,,,1187.5,93.29
2020-09-05,,,,,93.29
2020-09-06,,,,,93.29
2020-09-07,,,,1190.2,93.29
2020-09-08,,,,1187.2,93.29
2020-09-09,,,,1187.9,93.29
2020-09-10,,,,1189.6,93.29
2020-09-11,,,,1185.3,93.29
2020-09-12,,,,,93.29
2020-09-13,,,,,93.29
2020-09-14,,,,1188.3,93.29
2020-09-15,,,,1184.2,93.29
2020-09-16,,,,1180.5,93.29
2020-09-17,,,,1177.8,93.29
2020-09-18,,,,1175.4,93.29
2020-09-19,,,,,93.29
2020-09-20,,,,,93.29
2020-09-21,,,,1163.6,93.29
2020-09-22,,,,1160.6,93.29
2020-09-23,,,,1163.9,93.29
2020-09-24,,,,1164.4,93.29
2020-09-25,,,,1170.3,93.29
2020-09-26,,,,,93.29
2020-09-27,,,,,93.29
2020-09-28,,,,1170.5,93.29
2020-09-29,,,,1173.5,93.29
2020-09-30,,,,,112.33
2020-10-01,,,,,112.33
2020-10-02,,,,,112.33
2020-10-03,,,,,112.33
2020-10-04,,,,,112.33
2020-10-05,,,,1169.5,112.33
2020-10-06,,,,1163.4,112.33
2020-10-07,,,,1160.0,112.33
2020-10-08,,,,1162.5,112.33
2020-10-09,,,,,112.33
2020-10-10,,,,,112.33
2020-10-11,,,,,112.33
2020-10-12,,,,1156.2,112.33
2020-10-13,,,,1148.3,112.33
2020-10-14,,,,1149.5,112.33
2020-10-15,,,,1145.7,112.33
2020-10-16,,,,1144.6,112.33
2020-10-17,,,,,112.33
2020-10-18,,,,,112.33
2020-10-19,,,,1145.6,112.33
2020-10-20,,,,1142.2,112.33
2020-10-21,,,,1139.7,112.33
2020-10-22,,,,1133.7,112.33
2020-10-23,,,,1134.1,112.33
2020-10-24,,,,,112.33
2020-10-25,,,,,112.33
2020-10-26,,,,1134.6,112.33
2020-10-27,,,,1129.1,112.33
2020-10-28,,,,1127.6,112.33
2020-10-29,,,,1129.3,112.33
2020-10-30,,,,1133.4,112.33
2020-10-31,,,,,105.56
2020-11-01,,,,,105.56
2020-11-02,,,,1130.4,105.56
2020-11-03,,,,1134.7,105.56
2020-11-04,,,,1134.6,105.56
2020-11-05,,,,1136.5,105.56
2020-11-06,,,,1130.9,105.56
2020-11-07,,,,,105.56
2020-11-08,,,,,105.56
2020-11-09,,,,1124.4,105.56
2020-11-10,,,,1115.6,105.56
2020-11-11,,,,1115.9,105.56
2020-11-12,,,,1112.4,105.56
2020-11-13,,,,1113.2,105.56
2020-11-14,,,,,105.56
2020-11-15,,,,,105.56
2020-11-16,,,,1115.1,105.56
2020-11-17,,,,1108.0,105.56
2020-11-18,,,,1106.8,105.56
2020-11-19,,,,1105.9,105.56
2020-11-20,,,,1112.2,105.56
2020-11-21,,,,,105.56
2020-11-22,,,,,105.56
2020-11-23,,,,1114.2,105.56
2020-11-24,,,,1112.6,105.56
2020-11-25,,,,1111.2,105.56
2020-11-26,,,,1107.2,105.56
2020-11-27,,,,1105.8,105.56
2020-11-28,,,,,105.56
2020-11-29,,,,,105.56
2020-11-30,,,,1104.4,109.25
2020-12-01,,,,1104.9,109.25
2020-12-02,,,,1107.1,109.25
2020-12-03,,,,1103.3,109.25
2020-12-04,,,,1098.1,109.25
2020-12-05,,,,,109.25
2020-12-06,,,,,109.25
2020-12-07,,,,1086.6,109.25
2020-12-08,,,,1082.7,109.25
2020-12-09,,,,1084.4,109.25
2020-12-10,,,,1083.6,109.25
2020-12-11,,,,1086.2,109.25
2020-12-12,,,,,109.25
2020-12-13,,,,,109.25
2020-12-14,,,,1089.3,109.25
2020-12-15,,,,1090.8,109.25
2020-12-16,,,,1093.2,109.25
2020-12-17,,,,1092.2,109.25
2020-12-18,,,,1092.8,109.25
2020-12-19,,,,,109.25
2020-12-20,,,,,109.25
2020-12-21,,,,1097.9,109.25
2020-12-22,,,,1101.2,109.25
2020-12-23,,,,1106.6,109.25
2020-12-24,,,,1108.9,109.25
2020-12-25,,,,,109.25
2020-12-26,,,,,109.25
2020-12-27,,,,,109.25
2020-12-28,,,,1103.7,109.25
2020-12-29,,,,1098.2,109.25
2020-12-30,,,,1093.2,109.25
2020-12-31,21354105.0,,,1088.0,118.65
2021-01-01,21354105.0,,,,118.65
2021-01-02,21354105.0,,,,118.65
2021-01-03,21354105.0,,,,118.65
2021-01-04,21354105.0,,,1088.0,118.65
2021-01-05,21354105.0,,,1083.1,118.65
2021-01-06,21354105.0,,,1086.1,118.65
2021-01-07,21354105.0,,,1086.8,118.65
2021-01-08,21354105.0,,,1087.7,118.65
2021-01-09,21354105.0,,,,118.65
2021-01-10,21354105.0,,,,118.65
2021-01-11,21354105.0,,,1094.4,118.65
2021-01-12,21354105.0,,,1097.8,118.65
2021-01-13,21354105.0,,,1099.9,118.65
2021-01-14,21354105.0,,,1095.0,118.65
2021-01-15,21354105.0,,,1100.3,118.65
2021-01-16,21354105.0,,,,118.65
2021-01-17,21354105.0,,,,118.65
2021-01-18,21354105.0,,,1097.9,118.65
2021-01-19,21354105.0,,,1104.4,118.65
2021-01-20,21354105.0,,,1102.1,118.65
2021-01-21,21354105.0,,,1100.0,118.65
2021-01-22,21354105.0,,,1099.2,118.65
2021-01-23,21354105.0,,,,118.65
2021-01-24,21354105.0,,,,118.65
2021-01-25,21354105.0,,,1102.3,118.65
2021-01-26,21354105.0,,,1103.2,118.65
2021-01-27,21354105.0,,,1103.0,118.65
2021-01-28,21354105.0,,,1104.0,118.65
2021-01-29,21354105.0,,,1114.6,118.65
2021-01-30,21354105.0,,,,118.65
2021-01-31,21354105.0,,,,108.86
2021-02-01,21354105.0,,,1117.2,108.86
2021-02-02,21354105.0,,,1118.0,108.86
2021-02-03,21354105.0,,,1116.6,108.86
2021-02-04,21354105.0,,,1114.0,108.86
2021-02-05,21354105.0,,,1116.7,108.86
2021-02-06,21354105.0,,,,108.86
2021-02-07,21354105.0,,,,108.86
2021-02-08,21354105.0,,,1124.0,108.86
2021-02-09,21354105.0,,,1119.1,108.86
2021-02-10,21354105.0,,,1116.0,108.86
2021-02-11,21354105.0,,,,108.86
2021-02-12,21354105.0,,,,108.86
2021-02-13,21354105.0,,,,108.86
2021-02-14,21354105.0,,,,108.86
2021-02-15,21354105.0,,,1110.1,108.86
2021-02-16,21354105.0,,,1103.1,108.86
2021-02-17,21354105.0,,,1099.7,108.86
2021-02-18,21354105.0,,,1107.7,108.86
2021-02-19,21354105.0,,,1105.7,108.86
2021-02-20,21354105.0,,,,108.86
2021-02-21,21354105.0,,,,108.86
2021-02-22,21354105.0,,,1107.1,108.86
2021-02-23,21354105.0,,,1106.5,108.86
2021-02-24,21354105.0,,,1110.8,108.86
2021-02-25,21354105.0,,,1110.2,108.86
2021-02-26,21354105.0,,,1108.4,108.86
2021-02-27,21354105.0,,,,108.86
2021-02-28,21354105.0,,,,105.87
2021-03-01,21354105.0,,,,105.87
2021-03-02,21354105.0,,,1121.8,105.87
2021-03-03,21354105.0,,,1121.3,105.87
2021-03-04,21354105.0,,,1122.9,105.87
2021-03-05,21354105.0,,,1126.2,105.87
2021-03-06,21354105.0,,,,105.87
2021-03-07,21354105.0,,,,105.87
2021-03-08,21354105.0,,,1129.4,105.87
2021-03-09,21354105.0,,,1131.3,105.87
2021-03-10,21354105.0,,,1141.1,105.87
2021-03-11,21354105.0,,,1140.7,105.87
2021-03-12,21354105.0,,,1137.3,105.87
2021-03-13,21354105.0,,,,105.87
2021-03-14,21354105.0,,,,105.87
2021-03-15,21354105.0,,,1130.7,105.87
2021-03-16,21354105.0,,,1135.9,105.87
2021-03-17,21354105.0,,,1132.5,105.87
2021-03-18,21354105.0,,,1131.8,105.87
2021-03-19,21354105.0,,,1123.7,105.87
2021-03-20,21354105.0,,,,105.87
2021-03-21,21354105.0,,,,105.87
2021-03-22,21354105.0,,,1131.8,105.87
2021-03-23,21354105.0,,,1131.3,105.87
2021-03-24,21354105.0,,,1128.0,105.87
2021-03-25,21354105.0,,,1133.5,105.87
2021-03-26,21354105.0,,,1134.2,105.87
2021-03-27,21354105.0,,,,105.87
2021-03-28,21354105.0,,,,105.87
2021-03-29,21354105.0,,,1131.8,105.87
2021-03-30,21354105.0,,,1131.7,105.87
2021-03-31,21354105.0,,,1133.5,125.1
2021-04-01,21354105.0,,,1132.6,125.1
2021-04-02,21354105.0,,,1129.3,125.1
2021-04-03,21354105.0,,,,125.1
2021-04-04,21354105.0,,,,125.1
2021-04-05,21354105.0,,,1127.5,125.1
2021-04-06,21354105.0,,,1127.8,125.1
2021-04-07,21354105.0,,,1122.9,125.1
2021-04-08,21354105.0,,,1116.4,125.1
2021-04-09,21354105.0,,,1118.5,125.1
2021-04-10,21354105.0,,,,125.1
2021-04-11,21354105.0,,,,125.1
2021-04-12,21354105.0,,,1117.2,125.1
2021-04-13,21354105.0,,,1124.3,125.1
2021-04-14,21354105.0,,,1126.1,125.1
2021-04-15,21354105.0,,,1119.9,125.1
2021-04-16,21354105.0,,,1117.6,125.1
2021-04-17,21354105.0,,,,125.1
2021-04-18,21354105.0,,,,125.1
2021-04-19,21354105.0,,,1117.9,125.1
2021-04-20,21354105.0,,,1118.2,125.1
2021-04-21,21354105.0,,,1113.4,125.1
2021-04-22,21354105.0,,,1117.4,125.1
2021-04-23,21354105.0,,,1116.3,125.1
2021-04-24,21354105.0,,,,125.1
2021-04-25,21354105.0,,,,125.1
2021-04-26,21354105.0,,,1118.9,125.1
2021-04-27,21354105.0,,,1114.0,125.1
2021-04-28,21354105.0,,,1110.8,125.1
2021-04-29,21354105.0,,,1112.5,125.1
2021-04-30,21354105.0,,,1107.4,121.87
2021-05-01,21354105.0,,,,121.87
2021-05-02,21354105.0,,,,121.87
2021-05-03,21354105.0,,,1109.6,121.87
2021-05-04,21354105.0,,,1119.3,121.87
2021-05-05,21354105.0,,,,121.87
2021-05-06,21354105.0,,,1121.1,121.87
2021-05-07,21354105.0,,,1125.5,121.87
2021-05-08,21354105.0,,,,121.87
2021-05-09,21354105.0,,,,121.87
2021-05-10,21354105.0,,,1121.4,121.87
2021-05-11,21354105.0,,,1114.6,121.87
2021-05-12,21354105.0,,,1119.1,121.87
2021-05-13,21354105.0,,,1123.5,121.87
2021-05-14,21354105.0,,,1130.6,121.87
2021-05-15,21354105.0,,,,121.87
2021-05-16,21354105.0,,,,121.87
2021-05-17,21354105.0,,,1129.5,121.87
2021-05-18,21354105.0,,,1133.0,121.87
2021-05-19,21354105.0,,,,121.87
2021-05-20,21354105.0,,,1133.1,121.87
2021-05-21,21354105.0,,,1132.2,121.87
2021-05-22,21354105.0,,,,121.87
2021-05-23,21354105.0,,,,121.87
2021-05-24,21354105.0,,,1126.9,121.87
2021-05-25,21354105.0,,,1127.6,121.87
2021-05-26,21354105.0,,,1122.8,121.87
2021-05-27,21354105.0,,,1118.6,121.87
2021-05-28,21354105.0,,,1118.0,121.87
2021-05-29,21354105.0,,,,121.87
2021-05-30,21354105.0,,,,121.87
2021-05-31,21354105.0,,,1116.0,120.86
2021-06-01,21354105.0,,,1113.5,120.86
2021-06-02,21354105.0,,,1107.0,120.86
2021-06-03,21354105.0,,,1110.3,120.86
2021-06-04,21354105.0,,,1111.8,120.86
2021-06-05,21354105.0,,,,120.86
2021-06-06,21354105.0,,,,120.86
2021-06-07,21354105.0,,,1117.5,120.86
2021-06-08,21354105.0,,,1111.2,120.86
2021-06-09,21354105.0,,,1113.7,120.86
2021-06-10,21354105.0,,,1115.8,120.86
2021-06-11,21354105.0,,,1115.0,120.86
2021-06-12,21354105.0,,,,120.86
2021-06-13,21354105.0,,,,120.86
2021-06-14,21354105.0,,,1111.2,120.86
2021-06-15,21354105.0,,,1116.4,120.86
2021-06-16,21354105.0,,,1117.8,120.86
2021-06-17,21354105.0,,,1117.7,120.86
2021-06-18,21354105.0,,,1129.5,120.86
2021-06-19,21354105.0,,,,120.86
2021-06-20,21354105.0,,,,120.86
2021-06-21,21354105.0,,,1132.2,120.86
2021-06-22,21354105.0,,,1135.4,120.86
2021-06-23,21354105.0,,,1132.4,120.86
2021-06-24,21354105.0,,,1135.6,120.86
2021-06-25,21354105.0,,,1135.8,120.86
2021-06-26,21354105.0,,,,120.86
2021-06-27,21354105.0,,,,120.86
2021-06-28,21354105.0,,,1128.8,120.86
2021-06-29,21354105.0,,,1129.9,120.86
2021-06-30,21354105.0,,,1130.0,128.8
2021-07-01,21354105.0,,,1129.5,128.8
2021-07-02,21354105.0,,,1132.2,128.8
2021-07-03,21354105.0,,,,128.8
2021-07-04,21354105.0,,,,128.8
2021-07-05,21354105.0,,,1134.5,128.8
2021-07-06,21354105.0,,,1130.3,128.8
2021-07-07,21354105.0,,,1131.8,128.8
2021-07-08,21354105.0,,,1137.6,128.8
2021-07-09,21354105.0,,,1143.4,128.8
2021-07-10,21354105.0,,,,128.8
2021-07-11,21354105.0,,,,128.8
2021-07-12,21354105.0,,,1148.3,128.8
2021-07-13,21354105.0,,,1146.4,128.8
2021-07-14,21354105.0,,,1145.1,128.8
2021-07-15,21354105.0,,,1150.3,128.8
2021-07-16,21354105.0,,,1143.7,128.8
2021-07-17,21354105.0,,,,128.8
2021-07-18,21354105.0,,,,128.8
2021-07-19,21354105.0,,,1141.1,128.8
2021-07-20,21354105.0,,,1145.7,128.8
2021-07-21,21354105.0,,,1151.0,128.8
2021-07-22,21354105.0,,,1150.6,128.8
2021-07-23,21354105.0,,,1151.0,128.8
2021-07-24,21354105.0,,,,128.8
2021-07-25,21354105.0,,,,128.8
2021-07-26,21354105.0,,,1149.5,128.8
2021-07-27,21354105.0,,,1153.2,128.8
2021-07-28,21354105.0,,,1150.2,128.8
2021-07-29,21354105.0,,,1154.8,128.8
2021-07-30,21354105.0,,,1147.4,128.8
2021-07-31,21354105.0,,,,130.69
2021-08-01,21354105.0,,,,130.69
2021-08-02,21354105.0,,,1147.5,130.69
2021-08-03,21354105.0,,,1151.5,130.69
2021-08-04,21354105.0,,,1150.7,130.69
2021-08-05,21354105.0,,,1145.8,130.69
2021-08-06,21354105.0,,,1143.5,130.69
2021-08-07,21354105.0,,,,130.69
2021-08-08,21354105.0,,,,130.69
2021-08-09,21354105.0,,,1142.3,130.69
2021-08-10,21354105.0,,,1145.0,130.69
2021-08-11,21354105.0,,,1148.5,130.69
2021-08-12,21354105.0,,,1155.0,130.69
2021-08-13,21354105.0,,,1158.9,130.69
2021-08-14,21354105.0,,,,130.69
2021-08-15,21354105.0,,,,130.69
2021-08-16,21354105.0,,,,130.69
2021-08-17,21354105.0,,,1167.8,130.69
2021-08-18,21354105.0,,,1174.9,130.69
2021-08-19,21354105.0,,,1172.7,130.69
2021-08-20,21354105.0,,,1174.5,130.69
2021-08-21,21354105.0,,,,130.69
2021-08-22,21354105.0,,,,130.69
2021-08-23,21354105.0,,,1176.7,130.69
2021-08-24,21354105.0,,,1174.0,130.69
2021-08-25,21354105.0,,,1168.0,130.69
2021-08-26,21354105.0,,,1166.5,130.69
2021-08-27,21354105.0,,,1168.1,130.69
2021-08-28,21354105.0,,,,130.69
2021-08-29,21354105.0,,,,130.69
2021-08-30,21354105.0,,,1170.8,130.69
2021-08-31,21354105.0,,,1164.4,126.02
2021-09-01,21354105.0,,,1162.8,126.02
2021-09-02,21354105.0,,,1157.5,126.02
2021-09-03,21354105.0,,,1159.7,126.02
2021-09-04,21354105.0,,,,126.02
2021-09-05,21354105.0,,,,126.02
2021-09-06,21354105.0,,,1156.4,126.02
2021-09-07,21354105.0,,,1157.3,126.02
2021-09-08,21354105.0,,,1157.9,126.02
2021-09-09,21354105.0,,,1164.5,126.02
2021-09-10,21354105.0,,,1170.1,126.02
2021-09-11,21354105.0,,,,126.02
2021-09-12,21354105.0,,,,126.02
2021-09-13,21354105.0,,,1170.4,126.02
2021-09-14,21354105.0,,,1174.3,126.02
2021-09-15,21354105.0,,,1172.2,126.02
2021-09-16,21354105.0,,,1171.7,126.02
2021-09-17,21354105.0,,,1169.1,126.02
2021-09-18,21354105.0,,,,126.02
2021-09-19,21354105.0,,,,126.02
2021-09-20,21354105.0,,,,126.02
2021-09-21,21354105.0,,,,126.02
2021-09-22,21354105.0,,,,126.02
2021-09-23,21354105.0,,,1177.6,126.02
2021-09-24,21354105.0,,,1181.7,126.02
2021-09-25,21354105.0,,,,126.02
2021-09-26,21354105.0,,,,126.02
2021-09-27,21354105.0,,,1175.3,126.02
2021-09-28,21354105.0,,,1175.9,126.02
2021-09-29,21354105.0,,,1182.0,126.02
2021-09-30,21354105.0,,,1184.9,133.18
2021-10-01,21354105.0,,,1185.2,133.18
2021-10-02,21354105.0,,,,133.18
2021-10-03,21354105.0,,,,133.18
2021-10-04,21354105.0,,,,133.18
2021-10-05,21354105.0,,,1187.2,133.18
2021-10-06,21354105.0,,,1187.1,133.18
2021-10-07,21354105.0,,,1190.0,133.18
2021-10-08,21354105.0,,,1190.3,133.18
2021-10-09,21354105.0,,,,133.18
2021-10-10,21354105.0,,,,133.18
2021-10-11,21354105.0,,,,133.18
2021-10-12,21354105.0,,,1193.4,133.18
2021-10-13,21354105.0,,,1199.1,133.18
2021-10-14,21354105.0,,,1195.0,133.18
2021-10-15,21354105.0,,,1188.3,133.18
2021-10-16,21354105.0,,,,133.18
2021-10-17,21354105.0,,,,133.18
2021-10-18,21354105.0,,,1182.8,133.18
2021-10-19,21354105.0,,,1185.8,133.18
2021-10-20,21354105.0,,,1181.7,133.18
2021-10-21,21354105.0,,,1175.6,133.18
2021-10-22,21354105.0,,,1175.8,133.18
2021-10-23,21354105.0,,,,133.18
2021-10-24,21354105.0,,,,133.18
2021-10-25,21354105.0,,,1178.4,133.18
2021-10-26,21354105.0,,,1171.8,133.18
2021-10-27,21354105.0,,,1166.3,133.18
2021-10-28,21354105.0,,,1168.1,133.18
2021-10-29,21354105.0,,,1171.7,133.18
2021-10-30,21354105.0,,,,133.18
2021-10-31,21354105.0,,,,132.29
2021-11-01,21354105.0,,,1169.6,132.29
2021-11-02,21354105.0,,,1176.3,132.29
2021-11-03,21354105.0,,,1175.5,132.29
2021-11-04,21354105.0,,,1181.1,132.29
2021-11-05,21354105.0,,,1180.0,132.29
2021-11-06,21354105.0,,,,132.29
2021-11-07,21354105.0,,,,132.29
2021-11-08,21354105.0,,,1185.2,132.29
2021-11-09,21354105.0,,,1184.3,132.29
2021-11-10,21354105.0,,,1178.4,132.29
2021-11-11,21354105.0,,,1181.0,132.29
2021-11-12,21354105.0,,,1184.7,132.29
2021-11-13,21354105.0,,,,132.29
2021-11-14,21354105.0,,,,132.29
2021-11-15,21354105.0,,,1179.6,132.29
2021-11-16,21354105.0,,,1180.2,132.29
2021-11-17,21354105.0,,,1179.6,132.29
2021-11-18,21354105.0,,,1183.6,132.29
2021-11-19,21354105.0,,,1180.5,132.29
2021-11-20,21354105.0,,,,132.29
2021-11-21,21354105.0,,,,132.29
2021-11-22,21354105.0,,,1183.5,132.29
2021-11-23,21354105.0,,,1187.4,132.29
2021-11-24,21354105.0,,,1188.9,132.29
2021-11-25,21354105.0,,,1188.5,132.29
2021-11-26,21354105.0,,,1189.7,132.29
2021-11-27,21354105.0,,,,132.29
2021-11-28,21354105.0,,,,132.29
2021-11-29,21354105.0,,,1193.0,132.29
2021-11-30,21354105.0,,,1193.4,138.64
2021-12-01,21354105.0,,,1187.7,138.64
2021-12-02,21354105.0,,,1180.3,138.64
2021-12-03,21354105.0,,,1177.3,138.64
2021-12-04,21354105.0,,,,138.64
2021-12-05,21354105.0,,,,138.64
2021-12-06,21354105.0,,,1178.6,138.64
2021-12-07,21354105.0,,,1183.7,138.64
2021-12-08,21354105.0,,,1181.2,138.64
2021-12-09,21354105.0,,,1176.4,138.64
2021-12-10,21354105.0,,,1173.8,138.64
2021-12-11,21354105.0,,,,138.64
2021-12-12,21354105.0,,,,138.64
2021-12-13,21354105.0,,,1178.2,138.64
2021-12-14,21354105.0,,,1178.8,138.64
2021-12-15,21354105.0,,,1183.6,138.64
2021-12-16,21354105.0,,,1186.2,138.64
2021-12-17,21354105.0,,,1183.5,138.64
2021-12-18,21354105.0,,,,138.64
2021-12-19,21354105.0,,,,138.64
2021-12-20,21354105.0,,,1184.4,138.64
2021-12-21,21354105.0,,,1189.8,138.64
2021-12-22,21354105.0,,,1191.5,138.64
2021-12-23,21354105.0,,,1191.2,138.64
2021-12-24,21354105.0,,,1187.5,138.64
2021-12-25,21354105.0,,,,138.64
2021-12-26,21354105.0,,,,138.64
2021-12-27,21354105.0,,,1186.4,138.64
2021-12-28,21354105.0,,,1186.2,138.64
2021-12-29,21354105.0,,,1186.7,138.64
2021-12-30,21354105.0,,,1186.6,138.64
2021-12-31,23681171.0,,,1185.5,144.75
2022-01-01,23681171.0,,,,144.75
2022-01-02,23681171.0,,,,144.75
2022-01-03,23681171.0,,,1185.5,144.75
2022-01-04,23681171.0,,,1190.8,144.75
2022-01-05,23681171.0,,,1194.3,144.75
2022-01-06,23681171.0,,,1198.2,144.75
2022-01-07,23681171.0,,,1199.6,144.75
2022-01-08,23681171.0,,,,144.75
2022-01-09,23681171.0,,,,144.75
2022-01-10,23681171.0,,,1202.4,144.75
2022-01-11,23681171.0,,,1200.0,144.75
2022-01-12,23681171.0,,,1195.2,144.75
2022-01-13,23681171.0,,,1189.9,144.75
2022-01-14,23681171.0,,,1188.2,144.75
2022-01-15,23681171.0,,,,144.75
2022-01-16,23681171.0,,,,144.75
2022-01-17,23681171.0,,,1187.6,144.75
2022-01-18,23681171.0,,,1192.3,144.75
2022-01-19,23681171.0,,,1188.9,144.75
2022-01-20,23681171.0,,,1191.8,144.75
2022-01-21,23681171.0,,,1190.4,144.75
2022-01-22,23681171.0,,,,144.75
2022-01-23,23681171.0,,,,144.75
2022-01-24,23681171.0,,,1193.6,144.75
2022-01-25,23681171.0,,,1194.2,144.75
2022-01-26,23681171.0,,,1197.8,144.75
2022-01-27,23681171.0,,,1197.0,144.75
2022-01-28,23681171.0,,,1202.4,144.75
2022-01-29,23681171.0,,,,144.75
2022-01-30,23681171.0,,,,144.75
2022-01-31,23681171.0,,,,133.66
2022-02-01,23681171.0,,,,133.66
2022-02-02,23681171.0,,,,133.66
2022-02-03,23681171.0,,,1205.7,133.66
2022-02-04,23681171.0,,,1205.4,133.66
2022-02-05,23681171.0,,,,133.66
2022-02-06,23681171.0,,,,133.66
2022-02-07,23681171.0,,,1199.5,133.66
2022-02-08,23681171.0,,,1199.4,133.66
2022-02-09,23681171.0,,,1197.8,133.66
2022-02-10,23681171.0,,,1196.0,133.66
2022-02-11,23681171.0,,,1196.0,133.66
2022-02-12,23681171.0,,,,133.66
2022-02-13,23681171.0,,,,133.66
2022-02-14,23681171.0,,,1199.6,133.66
2022-02-15,23681171.0,,,1198.3,133.66
2022-02-16,23681171.0,,,1198.5,133.66
2022-02-17,23681171.0,,,1196.9,133.66
2022-02-18,23681171.0,,,1197.1,133.66
2022-02-19,23681171.0,,,,133.66
2022-02-20,23681171.0,,,,133.66
2022-02-21,23681171.0,,,1196.4,133.66
2022-02-22,23681171.0,,,1194.6,133.66
2022-02-23,23681171.0,,,1194.7,133.66
2022-02-24,23681171.0,,,1192.1,133.66
2022-02-25,23681171.0,,,1199.4,133.66
2022-02-26,23681171.0,,,,133.66
2022-02-27,23681171.0,,,,133.66
2022-02-28,23681171.0,,,1202.7,127.41
2022-03-01,23681171.0,,,,127.41
2022-03-02,23681171.0,,,1205.6,127.41
2022-03-03,23681171.0,,,1205.0,127.41
2022-03-04,23681171.0,,,1203.6,127.41
2022-03-05,23681171.0,,,,127.41
2022-03-06,23681171.0,,,,127.41
2022-03-07,23681171.0,,,1211.5,127.41
2022-03-08,23681171.0,,,1225.4,127.41
2022-03-09,23681171.0,,,,127.41
2022-03-10,23681171.0,,,1234.5,127.41
2022-03-11,23681171.0,,,1228.7,127.41
2022-03-12,23681171.0,,,,127.41
2022-03-13,23681171.0,,,,127.41
2022-03-14,23681171.0,,,1232.4,127.41
2022-03-15,23681171.0,,,1238.6,127.41
2022-03-16,23681171.0,,,1241.7,127.41
2022-03-17,23681171.0,,,1240.4,127.41
2022-03-18,23681171.0,,,1220.6,127.41
2022-03-19,23681171.0,,,,127.41
2022-03-20,23681171.0,,,,127.41
2022-03-21,23681171.0,,,1211.1,127.41
2022-03-22,23681171.0,,,1213.7,127.41
2022-03-23,23681171.0,,,1221.4,127.41
2022-03-24,23681171.0,,,1212.7,127.41
2022-03-25,23681171.0,,,1219.4,127.41
2022-03-26,23681171.0,,,,127.41
2022-03-27,23681171.0,,,,127.41
2022-03-28,23681171.0,,,1218.3,127.41
2022-03-29,23681171.0,,,1225.7,127.41
2022-03-30,23681171.0,,,1220.5,127.41
2022-03-31,23681171.0,,,1210.8,152.14
2022-04-01,23681171.0,,,1210.7,152.14
2022-04-02,23681171.0,,,,152.14
2022-04-03,23681171.0,,,,152.14
2022-04-04,23681171.0,,,1216.1,152.14
2022-04-05,23681171.0,,,1216.7,152.14
2022-04-06,23681171.0,,,1212.6,152.14
2022-04-07,23681171.0,,,1219.1,152.14
2022-04-08,23681171.0,,,1218.5,152.14
2022-04-09,23681171.0,,,,152.14
2022-04-10,23681171.0,,,,152.14
2022-04-11,23681171.0,,,1224.0,152.14
2022-04-12,23681171.0,,,1232.0,152.14
2022-04-13,23681171.0,,,1236.6,152.14
2022-04-14,23681171.0,,,1227.7,152.14
2022-04-15,23681171.0,,,1224.2,152.14
2022-04-16,23681171.0,,,,152.14
2022-04-17,23681171.0,,,,152.14
2022-04-18,23681171.0,,,1230.1,152.14
2022-04-19,23681171.0,,,1232.8,152.14
2022-04-20,23681171.0,,,1234.9,152.14
2022-04-21,23681171.0,,,1237.1,152.14
2022-04-22,23681171.0,,,1236.4,152.14
2022-04-23,23681171.0,,,,152.14
2022-04-24,23681171.0,,,,152.14
2022-04-25,23681171.0,,,1241.7,152.14
2022-04-26,23681171.0,,,1247.1,152.14
2022-04-27,23681171.0,,,1248.3,152.14
2022-04-28,23681171.0,,,1263.1,152.14
2022-04-29,23681171.0,,,1269.4,152.14
2022-04-30,23681171.0,,,,139.04
2022-05-01,23681171.0,,,,139.04
2022-05-02,23681171.0,,,1265.4,139.04
2022-05-03,23681171.0,,,1265.8,139.04
2022-05-04,23681171.0,,,1265.7,139.04
2022-05-05,23681171.0,,,,139.04
2022-05-06,23681171.0,,,1261.8,139.04
2022-05-07,23681171.0,,,,139.04
2022-05-08,23681171.0,,,,139.04
2022-05-09,23681171.0,,,1272.7,139.04
2022-05-10,23681171.0,,,1274.6,139.04
2022-05-11,23681171.0,,,1275.5,139.04
2022-05-12,23681171.0,,,1277.0,139.04
2022-05-13,23681171.0,,,1286.4,139.04
2022-05-14,23681171.0,,,,139.04
2022-05-15,23681171.0,,,,139.04
2022-05-16,23681171.0,,,1286.0,139.04
2022-05-17,23681171.0,,,1281.6,139.04
2022-05-18,23681171.0,,,1277.2,139.04
2022-05-19,23681171.0,,,1269.3,139.04
2022-05-20,23681171.0,,,1274.6,139.04
2022-05-21,23681171.0,,,,139.04
2022-05-22,23681171.0,,,,139.04
2022-05-23,23681171.0,,,1269.5,139.04
2022-05-24,23681171.0,,,1267.7,139.04
2022-05-25,23681171.0,,,1264.3,139.04
2022-05-26,23681171.0,,,1263.3,139.04
2022-05-27,23681171.0,,,1266.4,139.04
2022-05-28,23681171.0,,,,139.04
2022-05-29,23681171.0,,,,139.04
2022-05-30,23681171.0,,,1256.9,139.04
2022-05-31,23681171.0,,,1245.8,145.18
2022-06-01,23681171.0,,,,145.18
2022-06-02,23681171.0,,,1238.4,145.18
2022-06-03,23681171.0,,,1251.2,145.18
2022-06-04,23681171.0,,,,145.18
2022-06-05,23681171.0,,,,145.18
2022-06-06,23681171.0,,,,145.18
2022-06-07,23681171.0,,,1241.1,145.18
2022-06-08,23681171.0,,,1257.1,145.18
2022-06-09,23681171.0,,,1255.4,145.18
2022-06-10,23681171.0,,,1257.6,145.18
2022-06-11,23681171.0,,,,145.18
2022-06-12,23681171.0,,,,145.18
2022-06-13,23681171.0,,,1266.0,145.18
2022-06-14,23681171.0,,,1286.0,145.18
2022-06-15,23681171.0,,,1289.7,145.18
2022-06-16,23681171.0,,,1291.3,145.18
2022-06-17,23681171.0,,,1284.1,145.18
2022-06-18,23681171.0,,,,145.18
2022-06-19,23681171.0,,,,145.18
2022-06-20,23681171.0,,,1287.5,145.18
2022-06-21,23681171.0,,,1291.7,145.18
2022-06-22,23681171.0,,,1290.6,145.18
2022-06-23,23681171.0,,,1295.7,145.18
2022-06-24,23681171.0,,,1300.7,145.18
2022-06-25,23681171.0,,,,145.18
2022-06-26,23681171.0,,,,145.18
2022-06-27,23681171.0,,,1299.4,145.18
2022-06-28,23681171.0,,,1285.6,145.18
2022-06-29,23681171.0,,,1284.9,145.18
2022-06-30,23681171.0,,,1292.9,137.94
2022-07-01,23681171.0,,,1299.8,137.94
2022-07-02,23681171.0,,,,137.94
2022-07-03,23681171.0,,,,137.94
2022-07-04,23681171.0,,,1294.2,137.94
2022-07-05,23681171.0,,,1297.9,137.94
2022-07-06,23681171.0,,,1298.0,137.94
2022-07-07,23681171.0,,,1307.4,137.94
2022-07-08,23681171.0,,,1302.7,137.94
2022-07-09,23681171.0,,,,137.94
2022-07-10,23681171.0,,,,137.94
2022-07-11,23681171.0,,,1299.3,137.94
2022-07-12,23681171.0,,,1300.6,137.94
2022-07-13,23681171.0,,,1312.9,137.94
2022-07-14,23681171.0,,,1305.9,137.94
2022-07-15,23681171.0,,,1310.0,137.94
2022-07-16,23681171.0,,,,137.94
2022-07-17,23681171.0,,,,137.94
2022-07-18,23681171.0,,,1323.7,137.94
2022-07-19,23681171.0,,,1317.8,137.94
2022-07-20,23681171.0,,,1314.9,137.94
2022-07-21,23681171.0,,,1308.6,137.94
2022-07-22,23681171.0,,,1312.1,137.94
2022-07-23,23681171.0,,,,137.94
2022-07-24,23681171.0,,,,137.94
2022-07-25,23681171.0,,,1311.7,137.94
2022-07-26,23681171.0,,,1311.0,137.94
2022-07-27,23681171.0,,,1310.0,137.94
2022-07-28,23681171.0,,,1312.8,137.94
2022-07-29,23681171.0,,,1304.0,137.94
2022-07-30,23681171.0,,,,137.94
2022-07-31,23681171.0,,,,140.66
2022-08-01,23681171.0,,,1298.6,140.66
2022-08-02,23681171.0,,,1306.4,140.66
2022-08-03,23681171.0,,,1307.2,140.66
2022-08-04,23681171.0,,,1310.5,140.66
2022-08-05,23681171.0,,,1309.7,140.66
2022-08-06,23681171.0,,,,140.66
2022-08-07,23681171.0,,,,140.66
2022-08-08,23681171.0,,,1299.3,140.66
2022-08-09,23681171.0,,,1304.8,140.66
2022-08-10,23681171.0,,,1305.1,140.66
2022-08-11,23681171.0,,,1309.1,140.66
2022-08-12,23681171.0,,,1302.5,140.66
2022-08-13,23681171.0,,,,140.66
2022-08-14,23681171.0,,,,140.66
2022-08-15,23681171.0,,,,140.66
2022-08-16,23681171.0,,,1303.1,140.66
2022-08-17,23681171.0,,,1309.6,140.66
2022-08-18,23681171.0,,,1309.8,140.66
2022-08-19,23681171.0,,,1317.3,140.66
2022-08-20,23681171.0,,,,140.66
2022-08-21,23681171.0,,,,140.66
2022-08-22,23681171.0,,,1326.7,140.66
2022-08-23,23681171.0,,,1338.2,140.66
2022-08-24,23681171.0,,,1341.8,140.66
2022-08-25,23681171.0,,,1341.4,140.66
2022-08-26,23681171.0,,,1336.9,140.66
2022-08-27,23681171.0,,,,140.66
2022-08-28,23681171.0,,,,140.66
2022-08-29,23681171.0,,,1332.5,140.66
2022-08-30,23681171.0,,,1347.7,140.66
2022-08-31,23681171.0,,,1347.5,135.14
2022-09-01,23681171.0,,,1345.1,135.14
2022-09-02,23681171.0,,,1351.4,135.14
2022-09-03,23681171.0,,,,135.14
2022-09-04,23681171.0,,,,135.14
2022-09-05,23681171.0,,,1356.5,135.14
2022-09-06,23681171.0,,,1369.7,135.14
2022-09-07,23681171.0,,,1370.3,135.14
2022-09-08,23681171.0,,,1385.3,135.14
2022-09-09,23681171.0,,,,135.14
2022-09-10,23681171.0,,,,135.14
2022-09-11,23681171.0,,,,135.14
2022-09-12,23681171.0,,,,135.14
2022-09-13,23681171.0,,,1381.2,135.14
2022-09-14,23681171.0,,,1374.8,135.14
2022-09-15,23681171.0,,,1391.7,135.14
2022-09-16,23681171.0,,,1394.2,135.14
2022-09-17,23681171.0,,,,135.14
2022-09-18,23681171.0,,,,135.14
2022-09-19,23681171.0,,,1394.2,135.14
2022-09-20,23681171.0,,,1390.1,135.14
2022-09-21,23681171.0,,,1389.1,135.14
2022-09-22,23681171.0,,,1393.6,135.14
2022-09-23,23681171.0,,,1408.0,135.14
2022-09-24,23681171.0,,,,135.14
2022-09-25,23681171.0,,,,135.14
2022-09-26,23681171.0,,,1408.4,135.14
2022-09-27,23681171.0,,,1429.7,135.14
2022-09-28,23681171.0,,,1427.2,135.14
2022-09-29,23681171.0,,,1436.5,135.14
2022-09-30,23681171.0,,,1434.8,136.49
2022-10-01,23681171.0,,,,136.49
2022-10-02,23681171.0,,,,136.49
2022-10-03,23681171.0,,,,136.49
2022-10-04,23681171.0,,,1432.1,136.49
2022-10-05,23681171.0,,,1431.2,136.49
2022-10-06,23681171.0,,,1419.1,136.49
2022-10-07,23681171.0,,,1404.2,136.49
2022-10-08,23681171.0,,,,136.49
2022-10-09,23681171.0,,,,136.49
2022-10-10,23681171.0,,,,136.49
2022-10-11,23681171.0,,,1410.3,136.49
2022-10-12,23681171.0,,,1433.5,136.49
2022-10-13,23681171.0,,,1430.4,136.49
2022-10-14,23681171.0,,,1427.0,136.49
2022-10-15,23681171.0,,,,136.49
2022-10-16,23681171.0,,,,136.49
2022-10-17,23681171.0,,,1428.9,136.49
2022-10-18,23681171.0,,,1436.6,136.49
2022-10-19,23681171.0,,,1425.6,136.49
2022-10-20,23681171.0,,,1420.6,136.49
2022-10-21,23681171.0,,,1431.7,136.49
2022-10-22,23681171.0,,,,136.49
2022-10-23,23681171.0,,,,136.49
2022-10-24,23681171.0,,,1436.6,136.49
2022-10-25,23681171.0,,,1436.6,136.49
2022-10-26,23681171.0,,,1436.5,136.49
2022-10-27,23681171.0,,,1428.2,136.49
2022-10-28,23681171.0,,,1418.1,136.49
2022-10-29,23681171.0,,,,136.49
2022-10-30,23681171.0,,,,136.49
2022-10-31,23681171.0,,,1419.3,123.64
2022-11-01,23681171.0,,,1422.2,123.64
2022-11-02,23681171.0,,,1421.7,123.64
2022-11-03,23681171.0,,,1418.0,123.64
2022-11-04,23681171.0,,,1422.1,123.64
2022-11-05,23681171.0,,,,123.64
2022-11-06,23681171.0,,,,123.64
2022-11-07,23681171.0,,,1422.4,123.64
2022-11-08,23681171.0,,,1406.5,123.64
2022-11-09,23681171.0,,,1387.3,123.64
2022-11-10,23681171.0,,,1368.3,123.64
2022-11-11,23681171.0,,,1370.1,123.64
2022-11-12,23681171.0,,,,123.64
2022-11-13,23681171.0,,,,123.64
2022-11-14,23681171.0,,,1334.1,123.64
2022-11-15,23681171.0,,,1320.3,123.64
2022-11-16,23681171.0,,,1322.4,123.64
2022-11-17,23681171.0,,,1325.6,123.64
2022-11-18,23681171.0,,,1338.4,123.64
2022-11-19,23681171.0,,,,123.64
2022-11-20,23681171.0,,,,123.64
2022-11-21,23681171.0,,,1340.0,123.64
2022-11-22,23681171.0,,,1352.3,123.64
2022-11-23,23681171.0,,,1355.7,123.64
2022-11-24,23681171.0,,,1352.3,123.64
2022-11-25,23681171.0,,,1333.2,123.64
2022-11-26,23681171.0,,,,123.64
2022-11-27,23681171.0,,,,123.64
2022-11-28,23681171.0,,,1326.8,123.64
2022-11-29,23681171.0,,,1339.0,123.64
2022-11-30,23681171.0,,,1331.5,122.79
2022-12-01,23681171.0,,,1320.1,122.79
2022-12-02,23681171.0,,,1300.8,122.79
2022-12-03,23681171.0,,,,122.79
2022-12-04,23681171.0,,,,122.79
2022-12-05,23681171.0,,,1300.4,122.79
2022-12-06,23681171.0,,,1293.2,122.79
2022-12-07,23681171.0,,,1309.0,122.79
2022-12-08,23681171.0,,,1319.5,122.79
2022-12-09,23681171.0,,,1320.4,122.79
2022-12-10,23681171.0,,,,122.79
2022-12-11,23681171.0,,,,122.79
2022-12-12,23681171.0,,,1306.6,122.79
2022-12-13,23681171.0,,,1310.0,122.79
2022-12-14,23681171.0,,,1304.4,122.79
2022-12-15,23681171.0,,,1296.0,122.79
2022-12-16,23681171.0,,,1301.0,122.79
2022-12-17,23681171.0,,,,122.79
2022-12-18,23681171.0,,,,122.79
2022-12-19,23681171.0,,,1310.1,122.79
2022-12-20,23681171.0,,,1302.0,122.79
2022-12-21,23681171.0,,,1298.0,122.79
2022-12-22,23681171.0,,,1286.6,122.79
2022-12-23,23681171.0,,,1276.1,122.79
2022-12-24,23681171.0,,,,122.79
2022-12-25,23681171.0,,,,122.79
2022-12-26,23681171.0,,,1282.2,122.79
2022-12-27,23681171.0,,,1276.4,122.79
2022-12-28,23681171.0,,,1268.3,122.79
2022-12-29,23681171.0,,,1268.4,122.79
2022-12-30,23681171.0,,,1267.3,122.79
2022-12-31,26006893.0,,,,127.09
2023-01-01,26006893.0,,,,127.09
2023-01-02,26006893.0,,,1267.3,127.09
2023-01-03,26006893.0,,,1268.9,127.09
2023-01-04,26006893.0,,,1272.1,127.09
2023-01-05,26006893.0,,,1274.7,127.09
2023-01-06,26006893.0,,,1270.3,127.09
2023-01-07,26006893.0,,,,127.09
2023-01-08,26006893.0,,,,127.09
2023-01-09,26006893.0,,,1267.2,127.09
2023-01-10,26006893.0,,,1246.8,127.09
2023-01-11,26006893.0,,,1240.8,127.09
2023-01-12,26006893.0,,,1245.3,127.09
2023-01-13,26006893.0,,,1244.6,127.09
2023-01-14,26006893.0,,,,127.09
2023-01-15,26006893.0,,,,127.09
2023-01-16,26006893.0,,,1240.6,127.09
2023-01-17,26006893.0,,,1234.0,127.09
2023-01-18,26006893.0,,,1238.5,127.09
2023-01-19,26006893.0,,,1239.8,127.09
2023-01-20,26006893.0,,,1236.0,127.09
2023-01-21,26006893.0,,,,127.09
2023-01-22,26006893.0,,,,127.09
2023-01-23,26006893.0,,,,127.09
2023-01-24,26006893.0,,,,127.09
2023-01-25,26006893.0,,,1234.4,127.09
2023-01-26,26006893.0,,,1233.4,127.09
2023-01-27,26006893.0,,,1231.4,127.09
2023-01-28,26006893.0,,,,127.09
2023-01-29,26006893.0,,,,127.09
2023-01-30,26006893.0,,,1230.2,127.09
2023-01-31,26006893.0,,,1228.7,109.39
2023-02-01,26006893.0,,,1230.8,109.39
2023-02-02,26006893.0,,,1231.4,109.39
2023-02-03,26006893.0,,,1219.3,109.39
2023-02-04,26006893.0,,,,109.39
2023-02-05,26006893.0,,,,109.39
2023-02-06,26006893.0,,,1227.2,109.39
2023-02-07,26006893.0,,,1247.5,109.39
2023-02-08,26006893.0,,,1256.0,109.39
2023-02-09,26006893.0,,,1257.1,109.39
2023-02-10,26006893.0,,,1263.1,109.39
2023-02-11,26006893.0,,,,109.39
2023-02-12,26006893.0,,,,109.39
2023-02-13,26006893.0,,,1264.3,109.39
2023-02-14,26006893.0,,,1274.6,109.39
2023-02-15,26006893.0,,,1269.9,109.39
2023-02-16,26006893.0,,,1279.3,109.39
2023-02-17,26006893.0,,,1283.7,109.39
2023-02-18,26006893.0,,,,109.39
2023-02-19,26006893.0,,,,109.39
2023-02-20,26006893.0,,,1297.7,109.39
2023-02-21,26006893.0,,,1295.8,109.39
2023-02-22,26006893.0,,,1295.8,109.39
2023-02-23,26006893.0,,,1303.8,109.39
2023-02-24,26006893.0,,,1299.6,109.39
2023-02-25,26006893.0,,,,109.39
2023-02-26,26006893.0,,,,109.39
2023-02-27,26006893.0,,,1300.5,109.39
2023-02-28,26006893.0,,,1317.4,118.24
2023-03-01,26006893.0,,,,118.24
2023-03-02,26006893.0,,,1319.2,118.24
2023-03-03,26006893.0,,,1310.4,118.24
2023-03-04,26006893.0,,,,118.24
2023-03-05,26006893.0,,,,118.24
2023-03-06,26006893.0,,,1304.8,118.24
2023-03-07,26006893.0,,,1296.7,118.24
2023-03-08,26006893.0,,,1299.1,118.24
2023-03-09,26006893.0,,,1319.5,118.24
2023-03-10,26006893.0,,,1319.7,118.24
2023-03-11,26006893.0,,,,118.24
2023-03-12,26006893.0,,,,118.24
2023-03-13,26006893.0,,,1325.7,118.24
2023-03-14,26006893.0,,,1307.3,118.24
2023-03-15,26006893.0,,,1304.9,118.24
2023-03-16,26006893.0,,,1302.0,118.24
2023-03-17,26006893.0,,,1312.1,118.24
2023-03-18,26006893.0,,,,118.24
2023-03-19,26006893.0,,,,118.24
2023-03-20,26006893.0,,,1303.6,118.24
2023-03-21,26006893.0,,,1308.4,118.24
2023-03-22,26006893.0,,,1307.8,118.24
2023-03-23,26006893.0,,,1307.1,118.24
2023-03-24,26006893.0,,,1287.2,118.24
2023-03-25,26006893.0,,,,118.24
2023-03-26,26006893.0,,,,118.24
2023-03-27,26006893.0,,,1289.7,118.24
2023-03-28,26006893.0,,,1300.3,118.24
2023-03-29,26006893.0,,,1297.4,118.24
2023-03-30,26006893.0,,,1299.3,118.24
2023-03-31,26006893.0,,,1303.8,131.25
2023-04-01,26006893.0,,,,131.25
2023-04-02,26006893.0,,,,131.25
2023-04-03,26006893.0,,,1295.4,131.25
2023-04-04,26006893.0,,,1316.3,131.25
2023-04-05,26006893.0,,,1310.3,131.25
2023-04-06,26006893.0,,,1311.9,131.25
2023-04-07,26006893.0,,,1318.7,131.25
2023-04-08,26006893.0,,,,131.25
2023-04-09,26006893.0,,,,131.25
2023-04-10,26006893.0,,,1318.9,131.25
2023-04-11,26006893.0,,,1320.0,131.25
2023-04-12,26006893.0,,,1319.5,131.25
2023-04-13,26006893.0,,,1324.2,131.25
2023-04-14,26006893.0,,,1318.0,131.25
2023-04-15,26006893.0,,,,131.25
2023-04-16,26006893.0,,,,131.25
2023-04-17,26006893.0,,,1299.3,131.25
2023-04-18,26006893.0,,,1311.3,131.25
2023-04-19,26006893.0,,,1318.8,131.25
2023-04-20,26006893.0,,,1318.8,131.25
2023-04-21,26006893.0,,,1327.6,131.25
2023-04-22,26006893.0,,,,131.25
2023-04-23,26006893.0,,,,131.25
2023-04-24,26006893.0,,,1327.9,131.25
2023-04-25,26006893.0,,,1332.7,131.25
2023-04-26,26006893.0,,,1333.3,131.25
2023-04-27,26006893.0,,,1337.3,131.25
2023-04-28,26006893.0,,,1339.9,131.25
2023-04-29,26006893.0,,,,131.25
2023-04-30,26006893.0,,,,116.47
2023-05-01,26006893.0,,,,116.47
2023-05-02,26006893.0,,,1339.1,116.47
2023-05-03,26006893.0,,,1340.2,116.47
2023-05-04,26006893.0,,,1339.1,116.47
2023-05-05,26006893.0,,,,116.47
2023-05-06,26006893.0,,,,116.47
2023-05-07,26006893.0,,,,116.47
2023-05-08,26006893.0,,,1325.6,116.47
2023-05-09,26006893.0,,,1322.7,116.47
2023-05-10,26006893.0,,,1323.0,116.47
2023-05-11,26006893.0,,,1324.2,116.47
2023-05-12,26006893.0,,,1320.3,116.47
2023-05-13,26006893.0,,,,116.47
2023-05-14,26006893.0,,,,116.47
2023-05-15,26006893.0,,,1333.6,116.47
2023-05-16,26006893.0,,,1337.8,116.47
2023-05-17,26006893.0,,,1336.0,116.47
2023-05-18,26006893.0,,,1339.4,116.47
2023-05-19,26006893.0,,,1332.7,116.47
2023-05-20,26006893.0,,,,116.47
2023-05-21,26006893.0,,,,116.47
2023-05-22,26006893.0,,,1331.2,116.47
2023-05-23,26006893.0,,,1319.1,116.47
2023-05-24,26006893.0,,,1311.4,116.47
2023-05-25,26006893.0,,,1317.5,116.47
2023-05-26,26006893.0,,,1323.4,116.47
2023-05-27,26006893.0,,,,116.47
2023-05-28,26006893.0,,,,116.47
2023-05-29,26006893.0,,,,116.47
2023-05-30,26006893.0,,,1325.6,116.47
2023-05-31,26006893.0,,,1322.2,123.81
2023-06-01,26006893.0,,,1321.6,123.81
2023-06-02,26006893.0,,,1320.7,123.81
2023-06-03,26006893.0,,,,123.81
2023-06-04,26006893.0,,,,123.81
2023-06-05,26006893.0,,,1308.8,123.81
2023-06-06,26006893.0,,,,123.81
2023-06-07,26006893.0,,,1308.3,123.81
2023-06-08,26006893.0,,,1300.5,123.81
2023-06-09,26006893.0,,,1306.1,123.81
2023-06-10,26006893.0,,,,123.81
2023-06-11,26006893.0,,,,123.81
2023-06-12,26006893.0,,,1294.9,123.81
2023-06-13,26006893.0,,,1291.1,123.81
2023-06-14,26006893.0,,,1277.5,123.81
2023-06-15,26006893.0,,,1275.9,123.81
2023-06-16,26006893.0,,,1280.1,123.81
2023-06-17,26006893.0,,,,123.81
2023-06-18,26006893.0,,,,123.81
2023-06-19,26006893.0,,,1273.5,123.81
2023-06-20,26006893.0,,,1280.7,123.81
2023-06-21,26006893.0,,,1282.2,123.81
2023-06-22,26006893.0,,,1291.5,123.81
2023-06-23,26006893.0,,,1291.4,123.81
2023-06-24,26006893.0,,,,123.81
2023-06-25,26006893.0,,,,123.81
2023-06-26,26006893.0,,,1302.2,123.81
2023-06-27,26006893.0,,,1303.8,123.81
2023-06-28,26006893.0,,,1303.1,123.81
2023-06-29,26006893.0,,,1304.3,123.81
2023-06-30,26006893.0,,,1312.8,125.27
2023-07-01,26006893.0,,,,125.27
2023-07-02,26006893.0,,,,125.27
2023-07-03,26006893.0,,,1319.4,125.27
2023-07-04,26006893.0,,,1310.0,125.27
2023-07-05,26006893.0,,,1301.7,125.27
2023-07-06,26006893.0,,,1300.8,125.27
2023-07-07,26006893.0,,,1303.8,125.27
2023-07-08,26006893.0,,,,125.27
2023-07-09,26006893.0,,,,125.27
2023-07-10,26006893.0,,,1307.3,125.27
2023-07-11,26006893.0,,,1303.8,125.27
2023-07-12,26006893.0,,,1295.0,125.27
2023-07-13,26006893.0,,,1291.4,125.27
2023-07-14,26006893.0,,,1276.2,125.27
2023-07-15,26006893.0,,,,125.27
2023-07-16,26006893.0,,,,125.27
2023-07-17,26006893.0,,,1265.8,125.27
2023-07-18,26006893.0,,,1266.1,125.27
2023-07-19,26006893.0,,,1261.6,125.27
2023-07-20,26006893.0,,,1265.4,125.27
2023-07-21,26006893.0,,,1265.8,125.27
2023-07-22,26006893.0,,,,125.27
2023-07-23,26006893.0,,,,125.27
2023-07-24,26006893.0,,,1281.7,125.27
2023-07-25,26006893.0,,,1283.8,125.27
2023-07-26,26006893.0,,,1280.7,125.27
2023-07-27,26006893.0,,,1278.7,125.27
2023-07-28,26006893.0,,,1273.4,125.27
2023-07-29,26006893.0,,,,125.27
2023-07-30,26006893.0,,,,125.27
2023-07-31,26006893.0,,,1280.0,118.78
2023-08-01,26006893.0,,,1273.8,118.78
2023-08-02,26006893.0,,,1280.7,118.78
2023-08-03,26006893.0,,,1293.0,118.78
2023-08-04,26006893.0,,,1298.8,118.78
2023-08-05,26006893.0,,,,118.78
2023-08-06,26006893.0,,,,118.78
2023-08-07,26006893.0,,,1303.9,118.78
2023-08-08,26006893.0,,,1304.1,118.78
2023-08-09,26006893.0,,,1312.6,118.78
2023-08-10,26006893.0,,,1318.3,118.78
2023-08-11,26006893.0,,,1317.3,118.78
2023-08-12,26006893.0,,,,118.78
2023-08-13,26006893.0,,,,118.78
2023-08-14,26006893.0,,,1321.1,118.78
2023-08-15,26006893.0,,,,118.78
2023-08-16,26006893.0,,,1331.3,118.78
2023-08-17,26006893.0,,,1338.3,118.78
2023-08-18,26006893.0,,,1341.6,118.78
2023-08-19,26006893.0,,,,118.78
2023-08-20,26006893.0,,,,118.78
2023-08-21,26006893.0,,,1336.9,118.78
2023-08-22,26006893.0,,,1341.5,118.78
2023-08-23,26006893.0,,,1338.7,118.78
2023-08-24,26006893.0,,,1338.0,118.78
2023-08-25,26006893.0,,,1324.0,118.78
2023-08-26,26006893.0,,,,118.78
2023-08-27,26006893.0,,,,118.78
2023-08-28,26006893.0,,,1326.6,118.78
2023-08-29,26006893.0,,,1322.5,118.78
2023-08-30,26006893.0,,,1322.0,118.78
2023-08-31,26006893.0,,,1321.4,122.63
2023-09-01,26006893.0,,,1322.3,122.63
2023-09-02,26006893.0,,,,122.63
2023-09-03,26006893.0,,,,122.63
2023-09-04,26006893.0,,,1319.2,122.63
2023-09-05,26006893.0,,,1319.3,122.63
2023-09-06,26006893.0,,,1324.3,122.63
2023-09-07,26006893.0,,,1332.6,122.63
2023-09-08,26006893.0,,,1334.7,122.63
2023-09-09,26006893.0,,,,122.63
2023-09-10,26006893.0,,,,122.63
2023-09-11,26006893.0,,,1333.4,122.63
2023-09-12,26006893.0,,,1332.4,122.63
2023-09-13,26006893.0,,,1326.1,122.63
2023-09-14,26006893.0,,,1327.8,122.63
2023-09-15,26006893.0,,,1326.1,122.63
2023-09-16,26006893.0,,,,122.63
2023-09-17,26006893.0,,,,122.63
2023-09-18,26006893.0,,,1327.6,122.63
2023-09-19,26006893.0,,,1326.0,122.63
2023-09-20,26006893.0,,,1323.7,122.63
2023-09-21,26006893.0,,,1329.3,122.63
2023-09-22,26006893.0,,,1339.1,122.63
2023-09-23,26006893.0,,,,122.63
2023-09-24,26006893.0,,,,122.63
2023-09-25,26006893.0,,,1337.6,122.63
2023-09-26,26006893.0,,,1333.7,122.63
2023-09-27,26006893.0,,,1344.8,122.63
2023-09-28,26006893.0,,,,122.63
2023-09-29,26006893.0,,,,122.63
2023-09-30,26006893.0,,,,129.76
2023-10-01,26006893.0,,,,129.76
2023-10-02,26006893.0,,,,129.76
2023-10-03,26006893.0,,,,129.76
2023-10-04,26006893.0,,,1351.3,129.76
2023-10-05,26006893.0,,,1360.6,129.76
2023-10-06,26006893.0,,,1349.4,129.76
2023-10-07,26006893.0,,,,129.76
2023-10-08,26006893.0,,,,129.76
2023-10-09,26006893.0,,,,129.76
2023-10-10,26006893.0,,,1348.3,129.76
2023-10-11,26006893.0,,,1348.3,129.76
2023-10-12,26006893.0,,,1339.6,129.76
2023-10-13,26006893.0,,,1339.9,129.76
2023-10-14,26006893.0,,,,129.76
2023-10-15,26006893.0,,,,129.76
2023-10-16,26006893.0,,,1349.4,129.76
2023-10-17,26006893.0,,,1353.8,129.76
2023-10-18,26006893.0,,,1351.9,129.76
2023-10-19,26006893.0,,,1351.7,129.76
2023-10-20,26006893.0,,,1357.6,129.76
2023-10-21,26006893.0,,,,129.76
2023-10-22,26006893.0,,,,129.76
2023-10-23,26006893.0,,,1355.1,129.76
2023-10-24,26006893.0,,,1353.2,129.76
2023-10-25,26006893.0,,,1343.9,129.76
2023-10-26,26006893.0,,,1347.0,129.76
2023-10-27,26006893.0,,,1357.1,129.76
2023-10-28,26006893.0,,,,129.76
2023-10-29,26006893.0,,,,129.76
2023-10-30,26006893.0,,,1352.3,129.76
2023-10-31,26006893.0,,,1352.8,126.28
2023-11-01,26006893.0,,,1349.6,126.28
2023-11-02,26006893.0,,,1356.9,126.28
2023-11-03,26006893.0,,,1343.2,126.28
2023-11-04,26006893.0,,,,126.28
2023-11-05,26006893.0,,,,126.28
2023-11-06,26006893.0,,,1325.8,126.28
2023-11-07,26006893.0,,,1303.2,126.28
2023-11-08,26006893.0,,,1306.1,126.28
2023-11-09,26006893.0,,,1305.5,126.28
2023-11-10,26006893.0,,,1309.0,126.28
2023-11-11,26006893.0,,,,126.28
2023-11-12,26006893.0,,,,126.28
2023-11-13,26006893.0,,,1316.7,126.28
2023-11-14,26006893.0,,,1322.7,126.28
2023-11-15,26006893.0,,,1325.3,126.28
2023-11-16,26006893.0,,,1302.0,126.28
2023-11-17,26006893.0,,,1303.9,126.28
2023-11-18,26006893.0,,,,126.28
2023-11-19,26006893.0,,,,126.28
2023-11-20,26006893.0,,,1294.4,126.28
2023-11-21,26006893.0,,,1292.4,126.28
2023-11-22,26006893.0,,,1287.7,126.28
2023-11-23,26006893.0,,,1295.7,126.28
2023-11-24,26006893.0,,,1298.7,126.28
2023-11-25,26006893.0,,,,126.28
2023-11-26,26006893.0,,,,126.28
2023-11-27,26006893.0,,,1302.1,126.28
2023-11-28,26006893.0,,,1304.7,126.28
2023-11-29,26006893.0,,,1294.0,126.28
2023-11-30,26006893.0,,,1289.0,131.52
2023-12-01,26006893.0,,,1290.4,131.52
2023-12-02,26006893.0,,,,131.52
2023-12-03,26006893.0,,,,131.52
2023-12-04,26006893.0,,,1303.2,131.52
2023-12-05,26006893.0,,,1301.8,131.52
2023-12-06,26006893.0,,,1311.7,131.52
2023-12-07,26006893.0,,,1312.4,131.52
2023-12-08,26006893.0,,,1322.7,131.52
2023-12-09,26006893.0,,,,131.52
2023-12-10,26006893.0,,,,131.52
2023-12-11,26006893.0,,,1307.9,131.52
2023-12-12,26006893.0,,,1318.3,131.52
2023-12-13,26006893.0,,,1315.7,131.52
2023-12-14,26006893.0,,,1316.5,131.52
2023-12-15,26006893.0,,,1295.6,131.52
2023-12-16,26006893.0,,,,131.52
2023-12-17,26006893.0,,,,131.52
2023-12-18,26006893.0,,,1294.7,131.52
2023-12-19,26006893.0,,,1298.7,131.52
2023-12-20,26006893.0,,,1304.7,131.52
2023-12-21,26006893.0,,,1300.2,131.52
2023-12-22,26006893.0,,,1303.8,131.52
2023-12-23,26006893.0,,,,131.52
2023-12-24,26006893.0,,,,131.52
2023-12-25,26006893.0,,,,131.52
2023-12-26,26006893.0,,,1300.7,131.52
2023-12-27,26006893.0,,,1296.8,131.52
2023-12-28,26006893.0,,,1294.4,131.52
2023-12-29,26006893.0,,,1289.4,131.52
2023-12-30,26006893.0,,,,131.52
2023-12-31,27720709.0,,,,131.17
2024-01-01,27720709.0,,,,131.17
2024-01-02,27720709.0,,,1289.4,131.17
2024-01-03,27720709.0,,,1299.3,131.17
2024-01-04,27720709.0,,,1308.8,131.17
2024-01-05,27720709.0,,,1310.2,131.17
2024-01-06,27720709.0,,,,131.17
2024-01-07,27720709.0,,,,131.17
2024-01-08,27720709.0,,,1313.7,131.17
2024-01-09,27720709.0,,,1314.8,131.17
2024-01-10,27720709.0,,,1312.1,131.17
2024-01-11,27720709.0,,,1320.1,131.17
2024-01-12,27720709.0,,,1316.0,131.17
2024-01-13,27720709.0,,,,131.17
2024-01-14,27720709.0,,,,131.17
2024-01-15,27720709.0,,,1314.1,131.17
2024-01-16,27720709.0,,,1319.3,131.17
2024-01-17,27720709.0,,,1329.0,131.17
2024-01-18,27720709.0,,,1343.2,131.17
2024-01-19,27720709.0,,,1342.4,131.17
2024-01-20,27720709.0,,,,131.17
2024-01-21,27720709.0,,,,131.17
2024-01-22,27720709.0,,,1336.5,131.17
2024-01-23,27720709.0,,,1334.7,131.17
2024-01-24,27720709.0,,,1336.0,131.17
2024-01-25,27720709.0,,,1339.1,131.17
2024-01-26,27720709.0,,,1335.7,131.17
2024-01-27,27720709.0,,,,131.17
2024-01-28,27720709.0,,,,131.17
2024-01-29,27720709.0,,,1336.6,131.17
2024-01-30,27720709.0,,,1336.9,131.17
2024-01-31,27720709.0,,,1330.6,126.58
2024-02-01,27720709.0,,,1333.5,126.58
2024-02-02,27720709.0,,,1332.5,126.58
2024-02-03,27720709.0,,,,126.58
2024-02-04,27720709.0,,,,126.58
2024-02-05,27720709.0,,,1325.1,126.58
2024-02-06,27720709.0,,,1334.6,126.58
2024-02-07,27720709.0,,,1329.6,126.58
2024-02-08,27720709.0,,,1325.3,126.58
2024-02-09,27720709.0,,,,126.58
2024-02-10,27720709.0,,,,126.58
2024-02-11,27720709.0,,,,126.58
2024-02-12,27720709.0,,,,126.58
2024-02-13,27720709.0,,,1327.2,126.58
2024-02-14,27720709.0,,,1328.4,126.58
2024-02-15,27720709.0,,,1336.9,126.58
2024-02-16,27720709.0,,,1333.2,126.58
2024-02-17,27720709.0,,,,126.58
2024-02-18,27720709.0,,,,126.58
2024-02-19,27720709.0,,,1333.0,126.58
2024-02-20,27720709.0,,,1333.8,126.58
2024-02-21,27720709.0,,,1337.9,126.58
2024-02-22,27720709.0,,,1335.0,126.58
2024-02-23,27720709.0,,,1331.0,126.58
2024-02-24,27720709.0,,,,126.58
2024-02-25,27720709.0,,,,126.58
2024-02-26,27720709.0,,,1329.3,126.58
2024-02-27,27720709.0,,,1331.4,126.58
2024-02-28,27720709.0,,,1331.3,126.58
2024-02-29,27720709.0,,,1334.0,122.48
2024-03-01,27720709.0,,,,122.48
2024-03-02,27720709.0,,,,122.48
2024-03-03,27720709.0,,,,122.48
2024-03-04,27720709.0,,,1334.1,122.48
2024-03-05,27720709.0,,,1330.1,122.48
2024-03-06,27720709.0,,,1333.2,122.48
2024-03-07,27720709.0,,,1335.7,122.48
2024-03-08,27720709.0,,,1329.6,122.48
2024-03-09,27720709.0,,,,122.48
2024-03-10,27720709.0,,,,122.48
2024-03-11,27720709.0,,,1323.1,122.48
2024-03-12,27720709.0,,,1314.4,122.48
2024-03-13,27720709.0,,,1311.1,122.48
2024-03-14,27720709.0,,,1312.8,122.48
2024-03-15,27720709.0,,,1316.9,122.48
2024-03-16,27720709.0,,,,122.48
2024-03-17,27720709.0,,,,122.48
2024-03-18,27720709.0,,,1328.4,122.48
2024-03-19,27720709.0,,,1333.0,122.48
2024-03-20,27720709.0,,,1338.5,122.48
2024-03-21,27720709.0,,,1338.7,122.48
2024-03-22,27720709.0,,,1326.3,122.48
2024-03-23,27720709.0,,,,122.48
2024-03-24,27720709.0,,,,122.48
2024-03-25,27720709.0,,,1336.1,122.48
2024-03-26,27720709.0,,,1340.7,122.48
2024-03-27,27720709.0,,,1338.6,122.48
2024-03-28,27720709.0,,,1345.8,122.48
2024-03-29,27720709.0,,,1346.8,122.48
2024-03-30,27720709.0,,,,122.48
2024-03-31,27720709.0,,,,132.73
2024-04-01,27720709.0,,,1347.4,132.73
2024-04-02,27720709.0,,,1347.1,132.73
2024-04-03,27720709.0,,,1353.0,132.73
2024-04-04,27720709.0,,,1349.1,132.73
2024-04-05,27720709.0,,,1346.8,132.73
2024-04-06,27720709.0,,,,132.73
2024-04-07,27720709.0,,,,132.73
2024-04-08,27720709.0,,,1351.8,132.73
2024-04-09,27720709.0,,,1353.6,132.73
2024-04-10,27720709.0,,,,132.73
2024-04-11,27720709.0,,,1354.4,132.73
2024-04-12,27720709.0,,,1363.7,132.73
2024-04-13,27720709.0,,,,132.73
2024-04-14,27720709.0,,,,132.73
2024-04-15,27720709.0,,,1371.6,132.73
2024-04-16,27720709.0,,,1383.7,132.73
2024-04-17,27720709.0,,,1395.3,132.73
2024-04-18,27720709.0,,,1386.3,132.73
2024-04-19,27720709.0,,,1375.9,132.73
2024-04-20,27720709.0,,,,132.73
2024-04-21,27720709.0,,,,132.73
2024-04-22,27720709.0,,,1385.0,132.73
2024-04-23,27720709.0,,,1380.6,132.73
2024-04-24,27720709.0,,,1377.9,132.73
2024-04-25,27720709.0,,,1370.0,132.73
2024-04-26,27720709.0,,,1376.6,132.73
2024-04-27,27720709.0,,,,132.73
2024-04-28,27720709.0,,,,132.73
2024-04-29,27720709.0,,,1375.9,132.73
2024-04-30,27720709.0,,,1378.7,131.47
2024-05-01,27720709.0,,,,131.47
2024-05-02,27720709.0,,,1378.0,131.47
2024-05-03,27720709.0,,,1378.5,131.47
2024-05-04,27720709.0,,,,131.47
2024-05-05,27720709.0,,,,131.47
2024-05-06,27720709.0,,,,131.47
2024-05-07,27720709.0,,,1365.2,131.47
2024-05-08,27720709.0,,,1357.8,131.47
2024-05-09,27720709.0,,,1364.4,131.47
2024-05-10,27720709.0,,,1367.9,131.47
2024-05-11,27720709.0,,,,131.47
2024-05-12,27720709.0,,,,131.47
2024-05-13,27720709.0,,,1367.9,131.47
2024-05-14,27720709.0,,,1370.1,131.47
2024-05-15,27720709.0,,,,131.47
2024-05-16,27720709.0,,,1369.0,131.47
2024-05-17,27720709.0,,,1349.4,131.47
2024-05-18,27720709.0,,,,131.47
2024-05-19,27720709.0,,,,131.47
2024-05-20,27720709.0,,,1355.2,131.47
2024-05-21,27720709.0,,,1356.2,131.47
2024-05-22,27720709.0,,,1364.4,131.47
2024-05-23,27720709.0,,,1363.1,131.47
2024-05-24,27720709.0,,,1364.5,131.47
2024-05-25,27720709.0,,,,131.47
2024-05-26,27720709.0,,,,131.47
2024-05-27,27720709.0,,,1370.0,131.47
2024-05-28,27720709.0,,,1365.4,131.47
2024-05-29,27720709.0,,,1359.5,131.47
2024-05-30,27720709.0,,,1364.8,131.47
2024-05-31,27720709.0,,,1376.5,136.08
2024-06-01,27720709.0,,,,136.08
2024-06-02,27720709.0,,,,136.08
2024-06-03,27720709.0,,,1381.6,136.08
2024-06-04,27720709.0,,,1377.6,136.08
2024-06-05,27720709.0,,,1373.1,136.08
2024-06-06,27720709.0,,,,136.08
2024-06-07,27720709.0,,,1371.5,136.08
2024-06-08,27720709.0,,,,136.08
2024-06-09,27720709.0,,,,136.08
2024-06-10,27720709.0,,,1366.9,136.08
2024-06-11,27720709.0,,,1377.9,136.08
2024-06-12,27720709.0,,,1377.4,136.08
2024-06-13,27720709.0,,,1377.8,136.08
2024-06-14,27720709.0,,,1371.0,136.08
2024-06-15,27720709.0,,,,136.08
2024-06-16,27720709.0,,,,136.08
2024-06-17,27720709.0,,,1377.7,136.08
2024-06-18,27720709.0,,,1380.4,136.08
2024-06-19,27720709.0,,,1380.5,136.08
2024-06-20,27720709.0,,,1380.8,136.08
2024-06-21,27720709.0,,,1383.8,136.08
2024-06-22,27720709.0,,,,136.08
2024-06-23,27720709.0,,,,136.08
2024-06-24,27720709.0,,,1389.1,136.08
2024-06-25,27720709.0,,,1389.7,136.08
2024-06-26,27720709.0,,,1386.4,136.08
2024-06-27,27720709.0,,,1390.1,136.08
2024-06-28,27720709.0,,,1389.2,136.08
2024-06-29,27720709.0,,,,136.08
2024-06-30,27720709.0,,,,135.16
2024-07-01,27720709.0,,,1382.4,135.16
2024-07-02,27720709.0,,,1380.8,135.16
2024-07-03,27720709.0,,,1387.4,135.16
2024-07-04,27720709.0,,,1389.4,135.16
2024-07-05,27720709.0,,,1381.9,135.16
2024-07-06,27720709.0,,,,135.16
2024-07-07,27720709.0,,,,135.16
2024-07-08,27720709.0,,,1379.0,135.16
2024-07-09,27720709.0,,,1379.4,135.16
2024-07-10,27720709.0,,,1383.4,135.16
2024-07-11,27720709.0,,,1385.6,135.16
2024-07-12,27720709.0,,,1380.1,135.16
2024-07-13,27720709.0,,,,135.16
2024-07-14,27720709.0,,,,135.16
2024-07-15,27720709.0,,,1376.3,135.16
2024-07-16,27720709.0,,,1381.9,135.16
2024-07-17,27720709.0,,,1386.0,135.16
2024-07-18,27720709.0,,,1381.5,135.16
2024-07-19,27720709.0,,,1379.9,135.16
2024-07-20,27720709.0,,,,135.16
2024-07-21,27720709.0,,,,135.16
2024-07-22,27720709.0,,,1386.6,135.16
2024-07-23,27720709.0,,,1388.6,135.16
2024-07-24,27720709.0,,,1385.1,135.16
2024-07-25,27720709.0,,,1385.1,135.16
2024-07-26,27720709.0,,,1385.4,135.16
2024-07-27,27720709.0,,,,135.16
2024-07-28,27720709.0,,,,135.16
2024-07-29,27720709.0,,,1385.4,135.16
2024-07-30,27720709.0,,,1382.0,135.16
2024-07-31,27720709.0,,,1384.6,136.35
2024-08-01,27720709.0,,,1380.1,136.35
2024-08-02,27720709.0,,,1365.9,136.35
2024-08-03,27720709.0,,,,136.35
2024-08-04,27720709.0,,,,136.35
2024-08-05,27720709.0,,,1372.8,136.35
2024-08-06,27720709.0,,,1360.6,136.35
2024-08-07,27720709.0,,,1372.2,136.35
2024-08-08,27720709.0,,,1376.4,136.35
2024-08-09,27720709.0,,,1377.7,136.35
2024-08-10,27720709.0,,,,136.35
2024-08-11,27720709.0,,,,136.35
2024-08-12,27720709.0,,,1369.4,136.35
2024-08-13,27720709.0,,,1367.7,136.35
2024-08-14,27720709.0,,,1370.3,136.35
2024-08-15,27720709.0,,,,136.35
2024-08-16,27720709.0,,,1361.4,136.35
2024-08-17,27720709.0,,,,136.35
2024-08-18,27720709.0,,,,136.35
2024-08-19,27720709.0,,,1360.1,136.35
2024-08-20,27720709.0,,,1337.8,136.35
2024-08-21,27720709.0,,,1332.0,136.35
2024-08-22,27720709.0,,,1332.4,136.35
2024-08-23,27720709.0,,,1335.9,136.35
2024-08-24,27720709.0,,,,136.35
2024-08-25,27720709.0,,,,136.35
2024-08-26,27720709.0,,,1340.1,136.35
2024-08-27,27720709.0,,,1323.9,136.35
2024-08-28,27720709.0,,,1330.4,136.35
2024-08-29,27720709.0,,,1334.7,136.35
2024-08-30,27720709.0,,,1335.3,136.35
2024-08-31,27720709.0,,,,132.3
2024-09-01,27720709.0,,,,132.3
2024-09-02,27720709.0,,,1334.8,132.3
2024-09-03,27720709.0,,,1338.8,132.3
2024-09-04,27720709.0,,,1341.0,132.3
2024-09-05,27720709.0,,,1342.0,132.3
2024-09-06,27720709.0,,,1335.8,132.3
2024-09-07,27720709.0,,,,132.3
2024-09-08,27720709.0,,,,132.3
2024-09-09,27720709.0,,,1330.4,132.3
2024-09-10,27720709.0,,,1339.5,132.3
2024-09-11,27720709.0,,,1344.3,132.3
2024-09-12,27720709.0,,,1340.3,132.3
2024-09-13,27720709.0,,,1339.6,132.3
2024-09-14,27720709.0,,,,132.3
2024-09-15,27720709.0,,,,132.3
2024-09-16,27720709.0,,,,132.3
2024-09-17,27720709.0,,,,132.3
2024-09-18,27720709.0,,,,132.3
2024-09-19,27720709.0,,,1331.0,132.3
2024-09-20,27720709.0,,,1331.8,132.3
2024-09-21,27720709.0,,,,132.3
2024-09-22,27720709.0,,,,132.3
2024-09-23,27720709.0,,,1329.9,132.3
2024-09-24,27720709.0,,,1335.5,132.3
2024-09-25,27720709.0,,,1334.3,132.3
2024-09-26,27720709.0,,,1328.4,132.3
2024-09-27,27720709.0,,,1329.7,132.3
2024-09-28,27720709.0,,,,132.3
2024-09-29,27720709.0,,,,132.3
2024-09-30,27720709.0,,,1319.6,135.66
2024-10-01,27720709.0,,,,135.66
2024-10-02,27720709.0,,,1306.9,135.66
2024-10-03,27720709.0,,,,135.66
2024-10-04,27720709.0,,,1320.1,135.66
2024-10-05,27720709.0,,,,135.66
2024-10-06,27720709.0,,,,135.66
2024-10-07,27720709.0,,,1333.3,135.66
2024-10-08,27720709.0,,,1346.5,135.66
2024-10-09,27720709.0,,,,135.66
2024-10-10,27720709.0,,,1347.8,135.66
2024-10-11,27720709.0,,,1349.4,135.66
2024-10-12,27720709.0,,,,135.66
2024-10-13,27720709.0,,,,135.66
2024-10-14,27720709.0,,,1348.6,135.66
2024-10-15,27720709.0,,,1354.9,135.66
2024-10-16,27720709.0,,,1360.4,135.66
2024-10-17,27720709.0,,,1363.7,135.66
2024-10-18,27720709.0,,,1366.5,135.66
2024-10-19,27720709.0,,,,135.66
2024-10-20,27720709.0,,,,135.66
2024-10-21,27720709.0,,,1371.1,135.66
2024-10-22,27720709.0,,,1370.4,135.66
2024-10-23,27720709.0,,,1380.1,135.66
2024-10-24,27720709.0,,,1382.0,135.66
2024-10-25,27720709.0,,,1380.5,135.66
2024-10-26,27720709.0,,,,135.66
2024-10-27,27720709.0,,,,135.66
2024-10-28,27720709.0,,,1384.4,135.66
2024-10-29,27720709.0,,,1387.0,135.66
2024-10-30,27720709.0,,,1383.1,135.66
2024-10-31,27720709.0,,,1383.3,133.9
2024-11-01,27720709.0,,,1379.3,133.9
2024-11-02,27720709.0,,,,133.9
2024-11-03,27720709.0,,,,133.9
2024-11-04,27720709.0,,,1377.9,133.9
2024-11-05,27720709.0,,,1371.3,133.9
2024-11-06,27720709.0,,,1377.8,133.9
2024-11-07,27720709.0,,,1391.5,133.9
2024-11-08,27720709.0,,,1399.1,133.9
2024-11-09,27720709.0,,,,133.9
2024-11-10,27720709.0,,,,133.9
2024-11-11,27720709.0,,,1385.4,133.9
2024-11-12,27720709.0,,,1395.3,133.9
2024-11-13,27720709.0,,,1401.1,133.9
2024-11-14,27720709.0,,,1407.3,133.9
2024-11-15,27720709.0,,,1406.4,133.9
2024-11-16,27720709.0,,,,133.9
2024-11-17,27720709.0,,,,133.9
2024-11-18,27720709.0,,,1402.8,133.9
2024-11-19,27720709.0,,,1392.6,133.9
2024-11-20,27720709.0,,,1392.0,133.9
2024-11-21,27720709.0,,,1391.6,133.9
2024-11-22,27720709.0,,,1398.1,133.9
2024-11-23,27720709.0,,,,133.9
2024-11-24,27720709.0,,,,133.9
2024-11-25,27720709.0,,,1400.5,133.9
2024-11-26,27720709.0,,,1398.2,133.9
2024-11-27,27720709.0,,,1401.2,133.9
2024-11-28,27720709.0,,,1396.8,133.9
2024-11-29,27720709.0,,,1394.7,133.9
2024-11-30,27720709.0,,,,131.0
2024-12-01,27720709.0,,,,131.0
2024-12-02,27720709.0,,,1395.1,131.0
2024-12-03,27720709.0,,,1402.0,131.0
2024-12-04,27720709.0,,,1403.4,131.0
2024-12-05,27720709.0,,,1413.0,131.0
2024-12-06,27720709.0,,,1414.9,131.0
2024-12-07,27720709.0,,,,131.0
2024-12-08,27720709.0,,,,131.0
2024-12-09,27720709.0,,,1419.4,131.0
2024-12-10,27720709.0,,,1433.2,131.0
2024-12-11,27720709.0,,,1428.1,131.0
2024-12-12,27720709.0,,,1431.4,131.0
2024-12-13,27720709.0,,,1431.5,131.0
2024-12-14,27720709.0,,,,131.0
2024-12-15,27720709.0,,,,131.0
2024-12-16,27720709.0,,,1432.7,131.0
2024-12-17,27720709.0,,,1434.9,131.0
2024-12-18,27720709.0,,,1436.6,131.0
2024-12-19,27720709.0,,,1436.8,131.0
2024-12-20,27720709.0,,,1449.7,131.0
2024-12-21,27720709.0,,,,131.0
2024-12-22,27720709.0,,,,131.0
2024-12-23,27720709.0,,,1450.3,131.0
2024-12-24,27720709.0,,,1449.3,131.0
2024-12-25,27720709.0,,,,131.0
2024-12-26,27720709.0,,,1453.6,131.0
2024-12-27,27720709.0,,,1462.9,131.0
2024-12-28,27720709.0,,,,131.0
2024-12-29,27720709.0,,,,131.0
2024-12-30,27720709.0,,,1474.1,131.0
2024-12-31,29203500.0,,,1470.0,141.3
2025-01-01,,,,,141.3
2025-01-02,,,,1470.0,141.3
2025-01-03,,,,1468.3,141.3
2025-01-04,,,,,141.3
2025-01-05,,,,,141.3
2025-01-06,,,,1466.8,141.3
2025-01-07,,,,1470.8,141.3
2025-01-08,,,,1455.4,141.3
2025-01-09,,,,1453.2,141.3
2025-01-10,,,,1458.2,141.3
2025-01-11,,,,,141.3
2025-01-12,,,,,141.3
2025-01-13,,,,1460.7,141.3
2025-01-14,,,,1471.3,141.3
2025-01-15,,,,1463.3,141.3
2025-01-16,,,,1460.2,141.3
2025-01-17,,,,1454.7,141.3
2025-01-18,,,,,141.3
2025-01-19,,,,,141.3
2025-01-20,,,,1455.8,141.3
2025-01-21,,,,1453.0,141.3
2025-01-22,,,,1437.9,141.3
2025-01-23,,,,1434.3,141.3
2025-01-24,,,,1437.1,141.3
2025-01-25,,,,,141.3
2025-01-26,,,,,141.3
2025-01-27,,,,,141.3
2025-01-28,,,,,141.3
2025-01-29,,,,,141.3
2025-01-30,,,,,141.3
2025-01-31,,,,1433.3,112.8
2025-02-01,,,,,112.8
2025-02-02,,,,,112.8
2025-02-03,,,,1453.0,112.8
2025-02-04,,,,1469.2,112.8
2025-02-05,,,,1460.8,112.8
2025-02-06,,,,1450.0,112.8
2025-02-07,,,,1447.1,112.8
2025-02-08,,,,,112.8
2025-02-09,,,,,112.8
2025-02-10,,,,1447.4,112.8
2025-02-11,,,,1453.4,112.8
2025-02-12,,,,1453.5,112.8
2025-02-13,,,,1452.6,112.8
2025-02-14,,,,1450.5,112.8
2025-02-15,,,,,112.8
2025-02-16,,,,,112.8
2025-02-17,,,,1443.3,112.8
2025-02-18,,,,1441.1,112.8
2025-02-19,,,,1443.9,112.8
2025-02-20,,,,1440.6,112.8
2025-02-21,,,,1439.4,112.8
2025-02-22,,,,,112.8
2025-02-23,,,,,112.8
2025-02-24,,,,1434.1,112.8
2025-02-25,,,,1429.2,112.8
2025-02-26,,,,1430.7,112.8
2025-02-27,,,,1431.8,112.8
2025-02-28,,,,1439.6,123.73
2025-03-01,,,,,123.73
2025-03-02,,,,,123.73
2025-03-03,,,,,123.73
2025-03-04,,,,1458.7,123.73
2025-03-05,,,,1459.6,123.73
2025-03-06,,,,1456.0,123.73
2025-03-07,,,,1441.6,123.73
2025-03-08,,,,,123.73
2025-03-09,,,,,123.73
2025-03-10,,,,1446.3,123.73
2025-03-11,,,,1451.5,123.73
2025-03-12,,,,1457.9,123.73
2025-03-13,,,,1452.0,123.73
2025-03-14,,,,1451.9,123.73
2025-03-15,,,,,123.73
2025-03-16,,,,,123.73
2025-03-17,,,,1454.8,123.73
2025-03-18,,,,1448.0,123.73
2025-03-19,,,,1447.1,123.73
2025-03-20,,,,1452.3,123.73
2025-03-21,,,,1459.2,123.73
2025-03-22,,,,,123.73
2025-03-23,,,,,123.73
2025-03-24,,,,1466.9,123.73
2025-03-25,,,,1466.9,123.73
2025-03-26,,,,1469.6,123.73
2025-03-27,,,,1465.3,123.73
2025-03-28,,,,1466.8,123.73
2025-03-29,,,,,123.73
2025-03-30,,,,,123.73
2025-03-31,,,,1466.5,133.8
2025-04-01,,,,1470.6,133.8
2025-04-02,,,,1471.7,133.8
2025-04-03,,,,1467.8,133.8
2025-04-04,,,,1467.0,133.8
2025-04-05,,,,,133.8
2025-04-06,,,,,133.8
2025-04-07,,,,1439.3,133.8
2025-04-08,,,,1465.9,133.8
2025-04-09,,,,1470.2,133.8
2025-04-10,,,,1482.9,133.8
2025-04-11,,,,1458.5,133.8
2025-04-12,,,,,133.8
2025-04-13,,,,,133.8
2025-04-14,,,,1450.8,133.8
2025-04-15,,,,1427.4,133.8
2025-04-16,,,,1423.3,133.8
2025-04-17,,,,1427.4,133.8
2025-04-18,,,,1419.9,133.8
2025-04-19,,,,,133.8
2025-04-20,,,,,133.8
2025-04-21,,,,1421.5,133.8
2025-04-22,,,,1418.9,133.8
2025-04-23,,,,1422.6,133.8
2025-04-24,,,,1426.6,133.8
2025-04-25,,,,1430.2,133.8
2025-04-26,,,,,133.8
2025-04-27,,,,,133.8
2025-04-28,,,,1434.6,133.8
2025-04-29,,,,1439.3,133.8
2025-04-30,,,,1438.5,135.61
2025-05-01,,,,,135.61
2025-05-02,,,,1426.9,135.61
2025-05-03,,,,,135.61
2025-05-04,,,,,135.61
2025-05-05,,,,,135.61
2025-05-06,,,,,135.61
2025-05-07,,,,1426.6,135.61
2025-05-08,,,,1394.1,135.61
2025-05-09,,,,1396.0,135.61
2025-05-10,,,,,135.61
2025-05-11,,,,,135.61
2025-05-12,,,,1405.6,135.61
2025-05-13,,,,1400.4,135.61
2025-05-14,,,,1413.7,135.61
2025-05-15,,,,1415.8,135.61
2025-05-16,,,,1399.6,135.61
2025-05-17,,,,,135.61
2025-05-18,,,,,135.61
2025-05-19,,,,1394.3,135.61
2025-05-20,,,,1398.0,135.61
2025-05-21,,,,1392.6,135.61
2025-05-22,,,,1387.1,135.61
2025-05-23,,,,1378.4,135.61
2025-05-24,,,,,135.61
2025-05-25,,,,,135.61
2025-05-26,,,,1376.9,135.61
2025-05-27,,,,1365.0,135.61
2025-05-28,,,,1368.3,135.61
2025-05-29,,,,1374.6,135.61
2025-05-30,,,,1381.4,135.61
2025-05-31,,,,,133.4
2025-06-01,,,,,133.4
2025-06-02,,,,1375.7,133.4
2025-06-03,,,,,133.4
2025-06-04,,,,1376.9,133.4
2025-06-05,,,,1373.8,133.4
2025-06-06,,,,,133.4
2025-06-07,,,,,133.4
2025-06-08,,,,,133.4
2025-06-09,,,,1359.0,133.4
2025-06-10,,,,1358.9,133.4
2025-06-11,,,,1359.9,133.4
2025-06-12,,,,1368.8,133.4
2025-06-13,,,,1362.9,133.4
2025-06-14,,,,,133.4
2025-06-15,,,,,133.4
2025-06-16,,,,1366.8,133.4
2025-06-17,,,,1363.6,133.4
2025-06-18,,,,1361.7,133.4
2025-06-19,,,,1373.2,133.4
2025-06-20,,,,1379.6,133.4
2025-06-21,,,,,133.4
2025-06-22,,,,,133.4
2025-06-23,,,,1369.4,133.4
2025-06-24,,,,1381.9,133.4
2025-06-25,,,,1365.0,133.4
2025-06-26,,,,1360.9,133.4
2025-06-27,,,,1357.6,133.4
2025-06-28,,,,,133.4
2025-06-29,,,,,133.4
2025-06-30,,,,1356.4,138.96
